,Employee_Name,EmpID,Married,MaritalStatusID,GenderID,EmpStatusID,DeptID,PerfScoreID,FromDiversityJobFairID,Salary,Term,PositionID,Position,State,Zip,DOB,Sex,MaritalDesc,CitizenDesc,HispanicLatino,RaceDesc,DateofHire,DateofTermination,TermReason,EmploymentStatus,Department,ManagerName,ManagerID,RecruitmentSource,PerformanceScore,EngagementSurvey,EmpSatisfaction,SpecialProjectsCount,LastPerformanceReview_Date,DaysLateLast30,Absences
0,"Adinolfi, Wilson  K",10026,No,0,1,1,5,4,No,62506,No,19,Production Technician I,MA,1960,1983-07-10,M ,Single,US Citizen,No,White,2011-07-05,,N/A-StillEmployed,Active,Production       ,Michael Albert,22,LinkedIn,Exceeds,4.6,5,0,2019-01-17,0,1
1,"Ait Sidi, Karthikeyan   ",10084,Yes,1,1,5,3,3,No,104437,Yes,27,Sr. DBA,MA,2148,1975-05-05,M ,Married,US Citizen,No,White,2015-03-30,2016-06-16,career change,Voluntarily Terminated,IT/IS,Simon Roup,4,Indeed,Fully Meets,4.96,3,6,2016-02-24,0,17
2,"Akinkuolie, Sarah",10196,Yes,1,0,5,5,3,No,64955,Yes,20,Production Technician II,MA,1810,1988-09-19,F,Married,US Citizen,No,White,2011-07-05,2012-09-24,hours,Voluntarily Terminated,Production       ,Kissy Sullivan,20,LinkedIn,Fully Meets,3.02,3,0,2012-05-15,0,3
3,"Alagbe,Trina",10088,Yes,1,0,1,5,3,No,64991,No,19,Production Technician I,MA,1886,1988-09-27,F,Married,US Citizen,No,White,2008-01-07,,N/A-StillEmployed,Active,Production       ,Elijiah Gray,16,Indeed,Fully Meets,4.84,5,0,2019-01-03,0,15
4,"Anderson, Carol ",10069,No,2,0,5,5,3,No,50825,Yes,19,Production Technician I,MA,2169,1989-09-08,F,Divorced,US Citizen,No,White,2011-07-11,2016-09-06,return to school,Voluntarily Terminated,Production       ,Webster Butler,39,Google Search,Fully Meets,5.0,4,0,2016-02-01,0,2
5,"Anderson, Linda  ",10002,No,0,0,1,5,4,No,57568,No,19,Production Technician I,MA,1844,1977-05-22,F,Single,US Citizen,No,White,2012-01-09,,N/A-StillEmployed,Active,Production       ,Amy Dunn,11,LinkedIn,Exceeds,5.0,5,0,2019-01-07,0,15
6,"Andreola, Colby",10194,No,0,0,1,4,3,No,95660,No,24,Software Engineer,MA,2110,1979-05-24,F,Single,US Citizen,No,White,2014-11-10,,N/A-StillEmployed,Active,Software Engineering,Alex Sweetwater,10,LinkedIn,Fully Meets,3.04,3,4,2019-01-02,0,19
7,"Athwal, Sam",10062,No,4,1,1,5,3,No,59365,No,19,Production Technician I,MA,2199,1983-02-18,M ,Widowed,US Citizen,No,White,2013-09-30,,N/A-StillEmployed,Active,Production       ,Ketsia Liebig,19,Employee Referral,Fully Meets,5.0,4,0,2019-02-25,0,19
8,"Bachiochi, Linda",10114,No,0,0,3,5,3,Yes,47837,No,19,Production Technician I,MA,1902,1970-02-11,F,Single,US Citizen,No,Black or African American,2009-07-06,,N/A-StillEmployed,Active,Production       ,Brannon Miller,12,Diversity Job Fair,Fully Meets,4.46,3,0,2019-01-25,0,4
9,"Bacong, Alejandro ",10250,No,2,1,1,3,3,No,50178,No,14,IT Support,MA,1886,1988-01-07,M ,Divorced,US Citizen,No,White,2015-01-05,,N/A-StillEmployed,Active,IT/IS,Peter Monroe,7,Indeed,Fully Meets,5.0,5,6,2019-02-18,0,16
10,"Baczenski, Rachael  ",10252,Yes,1,0,5,5,3,Yes,54670,Yes,19,Production Technician I,MA,1902,1974-01-12,F,Married,US Citizen,Yes,Black or African American,2011-01-10,2017-01-12,Another position,Voluntarily Terminated,Production       ,David Stanley,14,Diversity Job Fair,Fully Meets,4.2,4,0,2016-01-30,0,12
11,"Barbara, Thomas",10242,Yes,1,1,5,5,3,Yes,47211,Yes,19,Production Technician I,MA,2062,1974-02-21,M ,Married,US Citizen,Yes,Black or African American,2012-04-02,2016-09-19,unhappy,Voluntarily Terminated,Production       ,Kissy Sullivan,20,Diversity Job Fair,Fully Meets,4.2,3,0,2016-05-06,0,15
12,"Barbossa, Hector",10012,No,2,1,1,3,4,Yes,92328,No,9,Data Analyst,TX,78230,1988-07-04,M ,Divorced,US Citizen,No,Black or African American,2014-11-10,,N/A-StillEmployed,Active,IT/IS,Simon Roup,4,Diversity Job Fair,Exceeds,4.28,4,5,2019-02-25,0,9
13,"Barone, Francesco  A",10265,No,0,1,1,5,3,No,58709,No,19,Production Technician I,MA,1810,1983-07-20,M ,Single,US Citizen,No,Two or more races,2012-02-20,,N/A-StillEmployed,Active,Production       ,Kelley Spirea,18,Google Search,Fully Meets,4.6,4,0,2019-02-14,0,7
14,"Barton, Nader",10066,No,2,1,5,5,3,No,52505,Yes,19,Production Technician I,MA,2747,1977-07-15,M ,Divorced,US Citizen,No,White,2012-09-24,2017-04-06,Another position,Voluntarily Terminated,Production       ,Michael Albert,22,On-line Web application,Fully Meets,5.0,5,0,2017-03-02,0,1
15,"Bates, Norman",10061,No,0,1,4,5,3,No,57834,Yes,19,Production Technician I,MA,2050,1981-10-18,M ,Single,US Citizen,No,White,2011-02-21,2017-08-04,attendance,Terminated for Cause,Production       ,Kelley Spirea,18,Google Search,Fully Meets,5.0,4,0,2017-04-05,0,20
16,"Beak, Kimberly  ",10023,Yes,1,0,2,5,4,No,70131,No,20,Production Technician II,MA,2145,2066-04-17,F,Married,US Citizen,No,White,2016-07-21,,N/A-StillEmployed,Active,Production       ,Kelley Spirea,18,Employee Referral,Exceeds,4.4,3,0,2019-01-14,0,16
17,"Beatrice, Courtney ",10055,No,0,0,1,5,3,No,59026,No,19,Production Technician I,MA,1915,1970-10-27,F,Single,Eligible NonCitizen,No,White,2011-04-04,,N/A-StillEmployed,Active,Production       ,Elijiah Gray,16,Google Search,Fully Meets,5.0,5,0,2019-01-14,0,12
18,"Becker, Renee",10245,No,0,0,4,3,3,No,110000,Yes,8,Database Administrator,MA,2026,1986-04-04,F,Single,US Citizen,Yes,White,2014-07-07,2015-09-12,performance,Terminated for Cause,IT/IS,Simon Roup,4,Google Search,Fully Meets,4.5,4,5,2015-01-15,0,8
19,"Becker, Scott",10277,No,0,1,3,5,3,No,53250,No,19,Production Technician I,MA,2452,1979-04-06,M ,Single,US Citizen,No,Asian,2013-07-08,,N/A-StillEmployed,Active,Production       ,Webster Butler,39,LinkedIn,Fully Meets,4.2,4,0,2019-01-11,0,13
20,"Bernstein, Sean",10046,No,0,1,1,5,3,No,51044,No,19,Production Technician I,MA,2072,1970-12-22,M ,Single,US Citizen,Yes,White,2012-04-02,,N/A-StillEmployed,Active,Production       ,Amy Dunn,11,Google Search,Fully Meets,5.0,3,0,2019-01-14,0,13
21,"Biden, Lowan  M",10226,No,2,0,1,5,3,No,64919,No,19,Production Technician I,MA,2027,2058-12-27,F,Divorced,US Citizen,No,Asian,2013-08-19,,N/A-StillEmployed,Active,Production       ,Ketsia Liebig,19,Indeed,Fully Meets,4.2,3,0,2019-01-10,0,2
22,"Billis, Helen",10003,Yes,1,0,1,5,4,No,62910,No,19,Production Technician I,MA,2031,1989-09-01,F,Married,US Citizen,No,White,2014-07-07,,N/A-StillEmployed,Active,Production       ,Brannon Miller,12,Indeed,Exceeds,5.0,3,0,2019-02-27,0,19
23,"Blount, Dianna",10294,No,0,0,1,5,2,No,66441,No,20,Production Technician II,MA,2171,1990-09-21,F,Single,US Citizen,No,White,2011-04-04,,N/A-StillEmployed,Active,Production       ,Michael Albert,22,CareerBuilder,Needs Improvement,2.0,3,0,2019-02-27,2,3
24,"Bondwell, Betsy",10267,No,0,0,5,5,3,No,57815,Yes,20,Production Technician II,MA,2210,2067-01-16,F,Single,US Citizen,No,White,2011-01-10,2014-04-04,career change,Voluntarily Terminated,Production       ,Elijiah Gray,16,Google Search,Fully Meets,4.8,5,0,2014-03-04,0,5
25,"Booth, Frank",10199,No,0,1,4,3,3,No,103613,Yes,30,Enterprise Architect,CT,6033,2064-07-30,M ,Single,US Citizen,No,Black or African American,2014-02-17,2016-02-19,Learned that he is a gangster,Terminated for Cause,IT/IS,Simon Roup,4,LinkedIn,Fully Meets,3.5,5,7,2016-01-10,0,2
26,"Boutwell, Bonalyn",10081,Yes,1,0,1,1,3,Yes,106367,No,26,Sr. Accountant,MA,2468,1987-04-04,F,Married,US Citizen,No,Black or African American,2015-02-16,,N/A-StillEmployed,Active,Admin Offices,Brandon R. LeBlanc,3,Diversity Job Fair,Fully Meets,5.0,4,3,2019-02-18,0,4
27,"Bozzi, Charles",10175,No,0,1,5,5,3,No,74312,Yes,18,Production Manager,MA,1901,1970-03-10,M ,Single,US Citizen,No,Asian,2013-09-30,2014-08-07,retiring,Voluntarily Terminated,Production       ,Janet King,2,Indeed,Fully Meets,3.39,3,0,2014-02-20,0,14
28,"Brill, Donna",10177,Yes,1,0,5,5,3,No,53492,Yes,19,Production Technician I,MA,1701,1990-08-24,F,Married,US Citizen,No,White,2012-04-02,2013-06-15,Another position,Voluntarily Terminated,Production       ,David Stanley,14,Google Search,Fully Meets,3.35,4,0,2013-03-04,0,6
29,"Brown, Mia",10238,Yes,1,0,1,1,3,Yes,63000,No,1,Accountant I,MA,1450,1987-11-24,F,Married,US Citizen,No,Black or African American,2008-10-27,,N/A-StillEmployed,Active,Admin Offices,Brandon R. LeBlanc,1,Diversity Job Fair,Fully Meets,4.5,2,6,2019-01-15,0,14
30,"Buccheri, Joseph  ",10184,No,0,1,1,5,3,No,65288,No,20,Production Technician II,MA,1013,1983-07-28,M ,Single,US Citizen,No,White,2014-09-29,,N/A-StillEmployed,Active,Production       ,Webster Butler,39,Google Search,Fully Meets,3.19,3,0,2019-02-01,0,9
31,"Bugali, Josephine ",10203,No,3,0,3,5,3,Yes,64375,No,19,Production Technician I,MA,2043,1969-10-30,F,Separated,US Citizen,No,Black or African American,2013-11-11,,N/A-StillEmployed,Active,Production       ,Kissy Sullivan,20,Diversity Job Fair,Fully Meets,3.5,5,0,2019-01-21,0,17
32,"Bunbury, Jessica",10188,Yes,1,0,5,6,3,No,74326,Yes,3,Area Sales Manager,VA,21851,2064-06-01,F,Married,Eligible NonCitizen,No,Black or African American,2011-08-15,2014-08-02,Another position,Voluntarily Terminated,Sales,John Smith,17,Google Search,Fully Meets,3.14,5,0,2013-02-10,1,19
33,"Burke, Joelle",10107,No,0,0,1,5,3,No,63763,No,20,Production Technician II,MA,2148,1980-03-02,F,Single,US Citizen,No,Black or African American,2012-03-05,,N/A-StillEmployed,Active,Production       ,Amy Dunn,11,Employee Referral,Fully Meets,4.51,4,0,2019-02-21,0,3
34,"Burkett, Benjamin ",10181,Yes,1,1,1,5,3,No,62162,No,20,Production Technician II,MA,1890,1977-08-19,M ,Married,US Citizen,No,White,2011-04-04,,N/A-StillEmployed,Active,Production       ,Ketsia Liebig,19,Indeed,Fully Meets,3.25,5,0,2019-01-14,0,15
35,"Cady, Max ",10150,No,0,1,1,4,3,No,77692,No,25,Software Engineering Manager,MA,2184,2066-11-22,M ,Single,US Citizen,No,White,2011-08-15,,N/A-StillEmployed,Active,Software Engineering,Jennifer Zamora,5,Google Search,Fully Meets,3.84,3,5,2019-01-21,0,4
36,"Candie, Calvin",10001,No,0,1,1,5,4,No,72640,No,18,Production Manager,MA,2169,1983-08-09,M ,Single,US Citizen,No,White,2016-01-28,,N/A-StillEmployed,Active,Production       ,Janet King,2,Indeed,Exceeds,5.0,3,0,2019-02-22,0,14
37,"Carabbio, Judith",10085,No,0,0,1,4,3,No,93396,No,24,Software Engineer,MA,2132,1987-04-05,F,Single,US Citizen,No,White,2013-11-11,,N/A-StillEmployed,Active,Software Engineering,Alex Sweetwater,10,Indeed,Fully Meets,4.96,4,6,2019-01-30,0,3
38,"Carey, Michael  ",10115,No,0,1,1,5,3,No,52846,No,19,Production Technician I,MA,1701,1983-02-02,M ,Single,US Citizen,No,Black or African American,2014-03-31,,N/A-StillEmployed,Active,Production       ,Kelley Spirea,18,LinkedIn,Fully Meets,4.43,3,0,2019-02-01,0,14
39,"Carr, Claudia  N",10082,No,0,0,2,3,3,No,100031,No,27,Sr. DBA,MA,1886,1986-06-06,F,Single,US Citizen,No,Black or African American,2016-06-30,,N/A-StillEmployed,Active,IT/IS,Simon Roup,4,LinkedIn,Fully Meets,5.0,5,6,2019-02-18,0,7
40,"Carter, Michelle ",10040,No,0,0,1,6,3,No,71860,No,3,Area Sales Manager,VT,5664,2063-05-15,F,Single,US Citizen,No,White,2014-08-18,,N/A-StillEmployed,Active,Sales,John Smith,17,Indeed,Fully Meets,5.0,5,0,2019-01-21,0,7
41,"Chace, Beatrice ",10067,No,0,0,1,5,3,No,61656,No,19,Production Technician I,MA,2763,2051-01-02,F,Single,US Citizen,No,White,2014-09-29,,N/A-StillEmployed,Active,Production       ,Michael Albert,22,Google Search,Fully Meets,5.0,4,0,2019-02-12,0,11
42,"Champaigne, Brian",10108,Yes,1,1,1,3,3,No,110929,No,5,BI Director,MA,2045,1972-02-09,M ,Married,US Citizen,No,White,2016-09-06,,N/A-StillEmployed,Active,IT/IS,Jennifer Zamora,5,Indeed,Fully Meets,4.5,5,7,2019-01-15,0,8
43,"Chan, Lin",10210,No,0,0,1,5,3,No,54237,No,19,Production Technician I,MA,2170,1979-02-12,F,Single,US Citizen,No,White,2014-05-12,,N/A-StillEmployed,Active,Production       ,Elijiah Gray,16,Indeed,Fully Meets,3.3,4,0,2019-02-19,0,11
44,"Chang, Donovan  E",10154,No,0,1,1,5,3,No,60380,No,19,Production Technician I,MA,1845,1983-08-24,M ,Single,US Citizen,No,White,2013-07-08,,N/A-StillEmployed,Active,Production       ,Webster Butler,39,LinkedIn,Fully Meets,3.8,5,0,2019-01-14,0,4
45,"Chigurh, Anton",10200,No,0,1,1,6,3,No,66808,No,3,Area Sales Manager,TX,78207,1970-06-11,M ,Single,Eligible NonCitizen,No,Black or African American,2012-05-14,,N/A-StillEmployed,Active,Sales,Lynn Daneault,21,Employee Referral,Fully Meets,3.0,5,0,2019-01-19,0,17
46,"Chivukula, Enola",10240,No,0,0,5,5,3,No,64786,Yes,19,Production Technician I,MA,1775,1983-08-27,F,Single,US Citizen,No,White,2011-06-27,2015-11-15,relocation out of area,Voluntarily Terminated,Production       ,Amy Dunn,11,Indeed,Fully Meets,4.3,4,0,2015-03-10,0,3
47,"Cierpiszewski, Caroline  ",10168,No,0,0,1,5,3,No,64816,No,19,Production Technician I,MA,2044,1988-05-31,F,Single,Non-Citizen,No,Black or African American,2011-10-03,,N/A-StillEmployed,Active,Production       ,Ketsia Liebig,19,Indeed,Fully Meets,3.58,5,0,2019-01-30,0,3
48,"Clayton, Rick",10220,No,0,1,1,3,3,No,68678,No,14,IT Support,MA,2170,1985-09-05,M ,Single,US Citizen,No,White,2012-09-05,,N/A-StillEmployed,Active,IT/IS,Eric Dougall,6,Indeed,Fully Meets,4.7,3,6,2019-02-27,0,2
49,"Cloninger, Jennifer",10275,Yes,1,0,5,5,3,No,64066,Yes,20,Production Technician II,MA,1752,1981-08-31,F,Married,US Citizen,No,White,2011-05-16,2013-01-07,unhappy,Voluntarily Terminated,Production       ,Brannon Miller,12,Google Search,Fully Meets,4.2,5,0,2012-05-03,0,9
50,"Close, Phil",10269,Yes,1,1,5,5,3,No,59369,Yes,20,Production Technician II,MA,2169,1978-11-25,M ,Married,US Citizen,No,White,2010-08-30,2011-09-26,career change,Voluntarily Terminated,Production       ,David Stanley,14,Indeed,Fully Meets,4.2,4,0,2011-05-04,0,6
51,"Clukey, Elijian",10029,Yes,1,1,2,5,4,No,50373,No,19,Production Technician I,MA,2134,1980-08-26,M ,Married,US Citizen,No,White,2016-07-06,,N/A-StillEmployed,Active,Production       ,Brannon Miller,12,Employee Referral,Exceeds,4.1,4,0,2019-02-28,0,5
52,"Cockel, James",10261,No,0,1,1,5,3,No,63108,No,19,Production Technician I,MA,2452,1977-09-08,M ,Single,US Citizen,No,White,2013-07-08,,N/A-StillEmployed,Active,Production       ,David Stanley,14,Employee Referral,Fully Meets,4.4,5,0,2019-01-14,0,3
53,"Cole, Spencer",10292,No,0,1,4,5,2,No,59144,Yes,19,Production Technician I,MA,1880,1979-08-12,M ,Single,US Citizen,No,Black or African American,2011-07-11,2016-09-23,performance,Terminated for Cause,Production       ,Kissy Sullivan,20,LinkedIn,Needs Improvement,2.0,3,0,2016-05-01,5,16
54,"Corleone, Michael",10282,No,2,1,1,5,2,No,68051,No,18,Production Manager,MA,1803,1975-12-17,M ,Divorced,US Citizen,No,White,2010-07-20,,N/A-StillEmployed,Active,Production       ,Janet King,2,CareerBuilder,Needs Improvement,4.13,2,0,2019-01-14,3,3
55,"Corleone, Vito",10019,No,0,1,1,5,4,No,170500,No,10,Director of Operations,MA,2030,1983-03-19,M ,Single,US Citizen,No,Black or African American,2009-01-05,,N/A-StillEmployed,Active,Production       ,Janet King,2,Indeed,Exceeds,3.7,5,0,2019-02-04,0,15
56,"Cornett, Lisa ",10094,Yes,1,0,1,5,3,No,63381,No,19,Production Technician I,MA,2189,1977-03-31,F,Married,US Citizen,Yes,White,2015-01-05,,N/A-StillEmployed,Active,Production       ,Kelley Spirea,18,Indeed,Fully Meets,4.73,5,0,2019-02-14,0,6
57,"Costello, Frank",10193,Yes,1,1,1,3,3,No,83552,No,9,Data Analyst,MA,1810,1986-08-26,M ,Married,US Citizen,No,White,2015-03-30,,N/A-StillEmployed,Active,IT/IS,Simon Roup,4,Indeed,Fully Meets,3.04,3,6,2019-01-22,0,2
58,"Crimmings,   Jean",10132,No,0,0,2,5,3,No,56149,No,19,Production Technician I,MA,1821,1987-04-10,F,Single,US Citizen,No,White,2016-07-06,,N/A-StillEmployed,Active,Production       ,Michael Albert,22,LinkedIn,Fully Meets,4.12,5,0,2019-01-28,0,15
59,"Cross, Noah",10083,No,0,1,1,3,3,No,92329,No,28,Sr. Network Engineer,CT,6278,2065-09-09,M ,Single,US Citizen,No,White,2014-11-10,,N/A-StillEmployed,Active,IT/IS,Peter Monroe,7,Employee Referral,Fully Meets,5.0,3,4,2019-01-02,0,5
60,"Daneault, Lynn",10099,No,0,0,1,6,3,No,65729,No,21,Sales Manager,VT,5473,1990-04-19,F,Single,US Citizen,No,White,2014-05-05,,N/A-StillEmployed,Active,Sales,Debra Houlihan,15,Indeed,Fully Meets,4.62,4,0,2019-01-24,0,8
61,"Daniele, Ann  ",10212,Yes,1,0,3,3,3,No,85028,No,28,Sr. Network Engineer,CT,6033,2052-01-18,F,Married,US Citizen,No,White,2014-11-10,,N/A-StillEmployed,Active,IT/IS,Peter Monroe,7,LinkedIn,Fully Meets,3.1,5,8,2019-02-12,0,19
62,"Darson, Jene'ya ",10056,Yes,1,0,1,5,3,No,57583,No,19,Production Technician I,MA,2110,1978-11-05,F,Married,US Citizen,No,White,2012-07-02,,N/A-StillEmployed,Active,Production       ,Elijiah Gray,16,Indeed,Fully Meets,5.0,3,0,2019-02-25,0,1
63,"Davis, Daniel",10143,No,0,1,1,5,3,No,56294,No,20,Production Technician II,MA,2458,1979-09-14,M ,Single,Eligible NonCitizen,No,Two or more races,2011-11-07,,N/A-StillEmployed,Active,Production       ,Kissy Sullivan,20,LinkedIn,Fully Meets,3.96,4,0,2019-02-27,0,6
64,"Dee, Randy",10311,Yes,1,1,1,6,1,No,56991,No,19,Production Technician I,MA,2138,1988-04-15,M ,Married,US Citizen,No,White,2018-07-09,,N/A-StillEmployed,Active,Production       ,Brannon Miller,12,Indeed,Fully Meets,4.3,4,3,2019-01-31,2,2
65,"DeGweck,  James",10070,Yes,1,1,5,5,3,No,55722,Yes,19,Production Technician I,MA,1810,1977-10-31,M ,Married,US Citizen,No,White,2011-05-16,2016-06-08,unhappy,Voluntarily Terminated,Production       ,Webster Butler,39,Indeed,Fully Meets,5.0,4,0,2016-04-02,0,14
66,"Del Bosque, Keyla",10155,No,0,0,1,4,3,No,101199,No,24,Software Engineer,MA,2176,1979-07-05,F,Single,US Citizen,No,Black or African American,2012-01-09,,N/A-StillEmployed,Active,Software Engineering,Alex Sweetwater,10,CareerBuilder,Fully Meets,3.79,5,5,2019-01-25,0,8
67,"Delarge, Alex",10306,No,0,1,1,6,1,No,61568,No,3,Area Sales Manager,AL,36006,1975-11-02,M ,Single,US Citizen,No,Two or more races,2014-09-29,,N/A-StillEmployed,Active,Sales,John Smith,17,Indeed,PIP,1.93,3,0,2019-01-30,6,5
68,"Demita, Carla",10100,No,3,0,5,5,3,No,58275,Yes,20,Production Technician II,MA,2343,2051-02-25,F,Separated,US Citizen,No,Black or African American,2011-04-04,2015-11-04,more money,Voluntarily Terminated,Production       ,Kelley Spirea,18,Google Search,Fully Meets,4.62,5,0,2015-05-06,0,1
69,"Desimone, Carl ",10310,Yes,1,1,1,5,1,No,53189,No,19,Production Technician I,MA,2061,2067-04-19,M ,Married,US Citizen,No,White,2014-07-07,,N/A-StillEmployed,Active,Production       ,Amy Dunn,11,Indeed,PIP,1.12,2,0,2019-01-31,4,9
70,"DeVito, Tommy",10197,No,0,1,1,3,3,No,96820,No,4,BI Developer,MA,2045,1983-09-04,M ,Single,US Citizen,No,White,2017-02-15,,N/A-StillEmployed,Active,IT/IS,Brian Champaigne,13,Indeed,Fully Meets,3.01,5,7,2019-01-23,0,15
71,"Dickinson, Geoff ",10276,No,0,1,1,5,3,No,51259,No,19,Production Technician I,MA,2180,1982-11-15,M ,Single,US Citizen,No,White,2014-05-12,,N/A-StillEmployed,Active,Production       ,Ketsia Liebig,19,Indeed,Fully Meets,4.3,4,0,2019-02-19,0,1
72,"Dietrich, Jenna  ",10304,No,0,0,1,6,1,No,59231,No,3,Area Sales Manager,WA,98052,1987-05-14,F,Single,US Citizen,Yes,White,2012-02-20,,N/A-StillEmployed,Active,Sales,John Smith,17,Website,PIP,2.3,1,0,2019-01-29,2,17
73,"DiNocco, Lily ",10284,Yes,1,0,1,5,2,No,61584,No,19,Production Technician I,MA,2351,1978-12-02,F,Married,US Citizen,No,Black or African American,2013-01-07,,N/A-StillEmployed,Active,Production       ,Brannon Miller,12,Indeed,Needs Improvement,3.88,4,0,2019-01-18,0,6
74,"Dobrin, Denisa  S",10207,No,0,0,1,5,3,No,46335,No,19,Production Technician I,MA,2125,1986-10-07,F,Single,US Citizen,Yes,White,2012-04-02,,N/A-StillEmployed,Active,Production       ,David Stanley,14,CareerBuilder,Fully Meets,3.4,5,0,2019-02-19,0,15
75,"Dolan, Linda",10133,Yes,1,0,1,3,3,No,70621,No,14,IT Support,MA,2119,1988-07-18,F,Married,US Citizen,No,White,2015-01-05,,N/A-StillEmployed,Active,IT/IS,Peter Monroe,7,Employee Referral,Fully Meets,4.11,4,6,2019-02-25,0,16
76,"Dougall, Eric",10028,No,0,1,1,3,4,No,138888,No,13,IT Manager - Support,MA,1886,1970-07-09,M ,Single,US Citizen,No,Black or African American,2014-01-05,,N/A-StillEmployed,Active,IT/IS,Jennifer Zamora,5,Indeed,Exceeds,4.3,5,5,2019-01-04,0,4
77,"Driver, Elle",10006,No,0,0,1,6,4,No,74241,No,3,Area Sales Manager,CA,90007,1988-11-08,F,Single,US Citizen,No,White,2011-01-10,,N/A-StillEmployed,Active,Sales,Lynn Daneault,21,Indeed,Exceeds,4.77,5,0,2019-01-27,0,14
78,"Dunn, Amy  ",10105,No,0,0,1,5,3,No,75188,No,18,Production Manager,MA,1731,1973-11-28,F,Single,US Citizen,No,White,2014-09-18,,N/A-StillEmployed,Active,Production       ,Janet King,2,Google Search,Fully Meets,4.52,4,0,2019-01-15,0,4
79,"Dunne, Amy",10211,Yes,1,0,1,5,3,No,62514,No,19,Production Technician I,MA,1749,1973-09-23,F,Married,US Citizen,No,White,2010-04-26,,N/A-StillEmployed,Active,Production       ,Ketsia Liebig,19,Google Search,Fully Meets,2.9,3,0,2019-01-21,0,6
80,"Eaton, Marianne",10064,Yes,1,0,5,5,3,No,60070,Yes,19,Production Technician I,MA,2343,1991-09-05,F,Married,US Citizen,No,White,2011-04-04,2017-06-06,military,Voluntarily Terminated,Production       ,Kissy Sullivan,20,Google Search,Fully Meets,5.0,3,0,2017-04-09,0,7
81,"Engdahl, Jean",10247,No,0,1,1,5,3,No,48888,No,19,Production Technician I,MA,2026,1974-05-31,M ,Single,US Citizen,No,White,2014-11-10,,N/A-StillEmployed,Active,Production       ,Kelley Spirea,18,LinkedIn,Fully Meets,4.7,5,0,2019-02-13,0,8
82,"England, Rex",10235,Yes,1,1,1,5,3,No,54285,No,19,Production Technician I,MA,2045,1978-08-25,M ,Married,US Citizen,No,White,2014-03-31,,N/A-StillEmployed,Active,Production       ,Kelley Spirea,18,Employee Referral,Fully Meets,4.2,3,0,2019-01-11,0,3
83,"Erilus, Angela",10299,No,3,0,1,5,1,No,56847,No,20,Production Technician II,MA,2133,1989-08-25,F,Separated,US Citizen,No,White,2014-07-07,,N/A-StillEmployed,Active,Production       ,Michael Albert,22,Indeed,PIP,3.0,1,0,2019-02-25,2,5
84,"Estremera, Miguel",10280,No,0,1,4,5,2,No,60340,Yes,19,Production Technician I,MA,2129,1983-09-02,M ,Single,US Citizen,No,White,2012-04-02,2018-09-27,attendance,Terminated for Cause,Production       ,Michael Albert,22,Google Search,Needs Improvement,5.0,4,0,2018-04-12,5,16
85,"Evensen, April",10296,No,0,0,4,5,2,No,59124,Yes,19,Production Technician I,MA,2458,1989-05-06,F,Single,US Citizen,No,White,2014-02-17,2018-02-25,"no-call, no-show",Terminated for Cause,Production       ,Elijiah Gray,16,Google Search,Needs Improvement,2.3,3,0,2017-01-15,5,19
86,"Exantus, Susan",10290,Yes,1,0,4,4,2,No,99280,Yes,24,Software Engineer,MA,1749,1987-05-15,F,Married,US Citizen,No,Black or African American,2011-05-02,2013-06-05,attendance,Terminated for Cause,Software Engineering,Alex Sweetwater,10,Indeed,Needs Improvement,2.1,5,4,2012-08-10,4,19
87,"Faller, Megan ",10263,Yes,1,0,1,5,3,No,71776,No,20,Production Technician II,MA,1824,1978-09-22,F,Married,US Citizen,No,Black or African American,2014-07-07,,N/A-StillEmployed,Active,Production       ,Elijiah Gray,16,LinkedIn,Fully Meets,4.4,5,0,2019-02-22,0,17
88,"Fancett, Nicole",10136,No,0,0,1,5,3,No,65902,No,20,Production Technician II,MA,2324,1987-09-27,F,Single,US Citizen,No,Black or African American,2014-02-17,,N/A-StillEmployed,Active,Production       ,Webster Butler,39,LinkedIn,Fully Meets,4.0,4,0,2019-01-07,0,7
89,"Ferguson, Susan",10189,Yes,1,0,5,5,3,No,57748,Yes,19,Production Technician I,MA,2176,2055-04-14,F,Married,US Citizen,No,White,2011-11-07,2016-05-17,military,Voluntarily Terminated,Production       ,Webster Butler,39,Google Search,Fully Meets,3.13,3,0,2016-02-04,0,16
90,"Fernandes, Nilson  ",10308,Yes,1,1,1,5,1,No,64057,No,19,Production Technician I,MA,2132,1989-10-18,M ,Married,US Citizen,No,White,2015-05-11,,N/A-StillEmployed,Active,Production       ,Amy Dunn,11,Indeed,PIP,1.56,5,0,2019-01-03,6,15
91,"Fett, Boba",10309,No,0,1,1,3,1,No,53366,No,15,Network Engineer,MA,2138,1987-06-18,M ,Single,US Citizen,No,White,2015-03-30,,N/A-StillEmployed,Active,IT/IS,Peter Monroe,7,LinkedIn,PIP,1.2,3,6,2019-02-04,3,2
92,"Fidelia,  Libby",10049,Yes,1,0,1,5,3,No,58530,No,19,Production Technician I,MA,2155,1981-03-16,F,Married,US Citizen,No,White,2012-01-09,,N/A-StillEmployed,Active,Production       ,Brannon Miller,12,Google Search,Fully Meets,5.0,5,0,2019-01-29,0,19
93,"Fitzpatrick, Michael  J",10093,No,0,1,5,5,3,No,72609,Yes,20,Production Technician II,MA,2143,1981-10-01,M ,Single,US Citizen,Yes,White,2011-05-16,2013-06-24,hours,Voluntarily Terminated,Production       ,Amy Dunn,11,Google Search,Fully Meets,4.76,5,0,2013-04-05,0,20
94,"Foreman, Tanya",10163,Yes,1,0,5,5,3,No,55965,Yes,20,Production Technician II,MA,2170,1983-11-08,F,Married,US Citizen,No,White,2011-04-04,2013-01-09,career change,Voluntarily Terminated,Production       ,Ketsia Liebig,19,Google Search,Fully Meets,3.66,3,0,2012-01-07,0,6
95,"Forrest, Alex",10305,Yes,1,1,1,6,3,No,70187,Yes,3,Area Sales Manager,MA,2330,1975-07-07,M ,Married,US Citizen,No,White,2014-09-29,2018-08-19,Fatal attraction,Terminated for Cause,Sales,Lynn Daneault,21,Employee Referral,PIP,2.0,5,0,2019-01-28,4,7
96,"Foss, Jason",10015,No,0,1,1,3,4,No,178000,No,12,IT Director,MA,1460,1980-07-05,M ,Single,US Citizen,No,Black or African American,2011-04-15,,N/A-StillEmployed,Active,IT/IS,Jennifer Zamora,5,Indeed,Exceeds,5.0,5,5,2019-01-07,0,15
97,"Foster-Baker, Amy",10080,Yes,1,0,1,1,3,No,99351,No,26,Sr. Accountant,MA,2050,1979-04-16,F,Married,US Citizen,No,White,2009-01-05,,N/A-StillEmployed,Active,Admin Offices,Board of Directors,9,Other,Fully Meets,5.0,3,2,2019-02-08,0,3
98,"Fraval, Maruk ",10258,No,0,1,1,6,3,No,67251,No,3,Area Sales Manager,CT,6050,2063-08-28,M ,Single,US Citizen,No,Black or African American,2011-09-06,,N/A-StillEmployed,Active,Sales,Lynn Daneault,21,CareerBuilder,Fully Meets,4.3,3,0,2019-01-27,2,7
99,"Galia, Lisa",10273,No,0,0,1,3,3,No,65707,No,14,IT Support,CT,6040,2068-07-06,F,Single,US Citizen,No,White,2010-05-01,,N/A-StillEmployed,Active,IT/IS,Eric Dougall,6,LinkedIn,Fully Meets,4.7,4,5,2019-02-01,0,1
100,"Garcia, Raul",10111,No,0,1,1,5,3,No,52249,No,19,Production Technician I,MA,1905,1985-09-15,M ,Single,US Citizen,Yes,White,2015-03-30,,N/A-StillEmployed,Active,Production       ,David Stanley,14,Employee Referral,Fully Meets,4.5,3,0,2019-02-18,0,5
101,"Gaul, Barbara",10257,No,0,0,1,5,3,No,53171,No,19,Production Technician I,MA,2121,1983-12-02,F,Single,US Citizen,Yes,Black or African American,2011-05-16,,N/A-StillEmployed,Active,Production       ,Kelley Spirea,18,LinkedIn,Fully Meets,4.2,4,0,2019-02-26,0,12
102,"Gentry, Mildred",10159,Yes,1,0,1,5,3,No,51337,No,19,Production Technician I,MA,2145,1990-10-01,F,Married,US Citizen,No,Black or African American,2015-03-30,,N/A-StillEmployed,Active,Production       ,Michael Albert,22,LinkedIn,Fully Meets,3.73,3,0,2019-01-16,0,19
103,"Gerke, Melisa",10122,No,2,0,5,5,3,Yes,51505,Yes,19,Production Technician I,MA,2330,1970-05-15,F,Divorced,US Citizen,No,Black or African American,2011-11-07,2016-11-15,hours,Voluntarily Terminated,Production       ,Elijiah Gray,16,Diversity Job Fair,Fully Meets,4.24,4,0,2016-04-29,0,2
104,"Gill, Whitney  ",10142,No,4,0,4,6,3,No,59370,Yes,3,Area Sales Manager,OH,43050,1971-07-10,F,Widowed,US Citizen,No,Black or African American,2014-07-07,2015-09-05,attendance,Terminated for Cause,Sales,John Smith,17,CareerBuilder,Fully Meets,3.97,4,0,2014-01-15,0,7
105,"Gilles, Alex",10283,Yes,1,1,5,5,2,Yes,54933,Yes,19,Production Technician I,MA,2062,1974-08-09,M ,Married,US Citizen,No,Black or African American,2012-04-02,2015-06-25,military,Voluntarily Terminated,Production       ,Webster Butler,39,Diversity Job Fair,Needs Improvement,3.97,4,0,2015-01-20,3,15
106,"Girifalco, Evelyn",10018,No,0,0,1,5,4,No,57815,No,19,Production Technician I,MA,2451,1980-05-08,F,Single,US Citizen,Yes,Two or more races,2014-09-29,,N/A-StillEmployed,Active,Production       ,Amy Dunn,11,Indeed,Exceeds,3.9,4,0,2019-02-07,0,3
107,"Givens, Myriam",10255,No,0,0,1,6,3,No,61555,No,3,Area Sales Manager,IN,46204,1989-09-22,F,Single,US Citizen,No,White,2015-02-16,,N/A-StillEmployed,Active,Sales,Lynn Daneault,21,Indeed,Fully Meets,4.5,5,0,2019-01-25,0,20
108,"Goble, Taisha",10246,No,0,0,4,3,3,No,114800,Yes,8,Database Administrator,MA,2127,1971-10-23,F,Single,US Citizen,No,White,2015-02-16,2015-03-15,"no-call, no-show",Terminated for Cause,IT/IS,Simon Roup,4,Indeed,Fully Meets,4.6,4,4,2015-01-20,0,10
109,"Goeth, Amon",10228,Yes,1,1,1,3,3,No,74679,No,14,IT Support,MA,2135,1989-11-24,M ,Married,US Citizen,Yes,White,2015-03-30,,N/A-StillEmployed,Active,IT/IS,Peter Monroe,7,LinkedIn,Fully Meets,4.3,5,7,2019-01-10,0,20
110,"Gold, Shenice  ",10243,No,0,0,1,5,3,No,53018,No,19,Production Technician I,MA,2451,1992-06-18,F,Single,US Citizen,Yes,White,2013-11-11,,N/A-StillEmployed,Active,Production       ,Ketsia Liebig,19,Indeed,Fully Meets,4.3,5,0,2019-02-18,0,7
111,"Gonzalez, Cayo",10031,No,2,1,1,5,4,Yes,59892,No,19,Production Technician I,MA,2108,1969-09-29,M ,Divorced,US Citizen,No,Black or African American,2011-07-11,,N/A-StillEmployed,Active,Production       ,Brannon Miller,12,Diversity Job Fair,Exceeds,4.5,4,0,2019-02-18,0,1
112,"Gonzalez, Juan",10300,Yes,1,1,5,5,1,Yes,68898,Yes,20,Production Technician II,MA,2128,2064-10-12,M ,Married,US Citizen,No,Black or African American,2010-04-26,2011-05-30,career change,Voluntarily Terminated,Production       ,Brannon Miller,12,Diversity Job Fair,PIP,3.0,3,0,2011-03-06,3,10
113,"Gonzalez, Maria",10101,No,3,0,1,3,3,No,61242,No,14,IT Support,MA,2472,1981-04-16,F,Separated,US Citizen,Yes,White,2015-01-05,,N/A-StillEmployed,Active,IT/IS,Peter Monroe,7,Employee Referral,Fully Meets,4.61,4,5,2019-01-28,0,11
114,"Good, Susan",10237,Yes,1,0,3,5,3,No,66825,No,20,Production Technician II,MA,1886,1986-05-25,F,Married,US Citizen,No,White,2014-05-12,,N/A-StillEmployed,Active,Production       ,David Stanley,14,LinkedIn,Fully Meets,4.6,3,0,2019-02-07,0,20
115,"Gordon, David",10051,Yes,1,1,1,5,3,No,48285,No,19,Production Technician I,MA,2169,1979-05-21,M ,Married,US Citizen,No,White,2012-07-02,,N/A-StillEmployed,Active,Production       ,David Stanley,14,LinkedIn,Fully Meets,5.0,3,0,2019-01-14,0,2
116,"Gosciminski, Phylicia  ",10218,No,3,0,3,5,3,No,66149,No,20,Production Technician II,MA,1824,1983-12-08,F,Separated,US Citizen,No,American Indian or Alaska Native,2013-09-30,,N/A-StillEmployed,Active,Production       ,Kissy Sullivan,20,Google Search,Fully Meets,4.4,5,0,2019-02-21,0,1
117,"Goyal, Roxana",10256,Yes,1,0,3,5,3,No,49256,No,19,Production Technician I,MA,1864,1974-10-09,F,Married,US Citizen,No,Asian,2013-08-19,,N/A-StillEmployed,Active,Production       ,Kissy Sullivan,20,LinkedIn,Fully Meets,4.1,5,0,2019-02-15,0,3
118,"Gray, Elijiah  ",10098,No,2,1,1,5,3,No,62957,No,18,Production Manager,MA,1752,1981-07-11,M ,Divorced,US Citizen,No,White,2015-06-02,,N/A-StillEmployed,Active,Production       ,Janet King,2,Employee Referral,Fully Meets,4.63,3,0,2019-01-04,0,2
119,"Gross, Paula",10059,No,2,0,5,5,3,No,63813,Yes,19,Production Technician I,MA,2176,1983-05-21,F,Divorced,US Citizen,No,White,2011-02-21,2014-01-11,more money,Voluntarily Terminated,Production       ,Kelley Spirea,18,CareerBuilder,Fully Meets,5.0,5,0,2013-06-03,0,17
120,"Gruber, Hans",10234,Yes,1,1,1,3,3,No,99020,No,4,BI Developer,MA,2134,1989-06-30,M ,Married,US Citizen,No,Black or African American,2017-04-20,,N/A-StillEmployed,Active,IT/IS,Brian Champaigne,13,Indeed,Fully Meets,4.2,5,5,2019-01-28,0,8
121,"Guilianno, Mike",10109,No,0,1,5,6,3,No,71707,Yes,3,Area Sales Manager,TN,37129,1969-02-09,M ,Single,US Citizen,No,Two or more races,2012-03-07,2014-10-31,relocation out of area,Voluntarily Terminated,Sales,John Smith,17,LinkedIn,Fully Meets,4.5,5,0,2013-02-01,0,20
122,"Handschiegl, Joanne",10125,Yes,1,0,1,5,3,No,54828,No,19,Production Technician I,MA,2127,1977-03-23,F,Married,US Citizen,No,White,2011-11-28,,N/A-StillEmployed,Active,Production       ,Michael Albert,22,Google Search,Fully Meets,4.2,4,0,2019-02-22,0,13
123,"Hankard, Earnest",10074,No,0,1,1,5,3,No,64246,No,20,Production Technician II,MA,2155,1988-08-10,M ,Single,US Citizen,Yes,White,2013-11-11,,N/A-StillEmployed,Active,Production       ,Kelley Spirea,18,LinkedIn,Fully Meets,5.0,3,0,2019-01-08,0,20
124,"Harrington, Christie ",10097,No,0,0,5,5,3,No,52177,Yes,19,Production Technician I,MA,2324,2052-08-18,F,Single,US Citizen,No,White,2012-01-09,2015-12-15,retiring,Voluntarily Terminated,Production       ,Webster Butler,39,CareerBuilder,Fully Meets,4.64,4,0,2015-05-02,0,8
125,"Harrison, Kara",10007,Yes,1,0,1,5,4,No,62065,No,19,Production Technician I,MA,1886,1974-05-02,F,Married,US Citizen,No,White,2014-05-12,,N/A-StillEmployed,Active,Production       ,Amy Dunn,11,CareerBuilder,Exceeds,4.76,4,0,2019-02-15,0,5
126,"Heitzman, Anthony",10129,No,0,1,1,5,3,No,46998,No,19,Production Technician I,MA,2149,1984-01-04,M ,Single,US Citizen,No,White,2012-08-13,,N/A-StillEmployed,Active,Production       ,Ketsia Liebig,19,Google Search,Fully Meets,4.17,4,0,2019-02-11,0,1
127,"Hendrickson, Trina",10075,No,0,0,5,5,3,No,68099,Yes,20,Production Technician II,MA,2021,1972-08-27,F,Single,US Citizen,No,White,2011-01-10,2013-06-18,hours,Voluntarily Terminated,Production       ,Kelley Spirea,18,CareerBuilder,Fully Meets,5.0,3,0,2013-01-30,0,15
128,"Hitchcock, Alfred",10167,Yes,1,1,1,6,3,No,70545,No,3,Area Sales Manager,NH,3062,1988-09-14,M ,Married,US Citizen,No,American Indian or Alaska Native,2014-08-18,,N/A-StillEmployed,Active,Sales,John Smith,17,Indeed,Fully Meets,3.6,5,0,2019-01-30,0,9
129,"Homberger, Adrienne  J",10195,Yes,1,0,5,5,3,No,63478,Yes,20,Production Technician II,MA,2445,1984-02-16,F,Married,Non-Citizen,No,White,2011-08-15,2012-04-07,relocation out of area,Voluntarily Terminated,Production       ,Michael Albert,30,Indeed,Fully Meets,3.03,5,0,2012-03-05,0,16
130,"Horton, Jayne",10112,No,0,0,1,3,3,No,97999,No,8,Database Administrator,MA,2493,1984-02-21,F,Single,US Citizen,No,White,2015-03-30,,N/A-StillEmployed,Active,IT/IS,Simon Roup,4,Indeed,Fully Meets,4.48,5,6,2019-01-03,0,4
131,"Houlihan, Debra",10272,Yes,1,0,1,6,3,No,180000,No,11,Director of Sales,RI,2908,2066-03-17,F,Married,US Citizen,No,White,2014-05-05,,N/A-StillEmployed,Active,Sales,Janet King,2,LinkedIn,Fully Meets,4.5,4,0,2019-01-21,0,19
132,"Howard, Estelle",10182,Yes,1,0,1,1,3,No,49920,Yes,2,Administrative Assistant,MA,2170,1985-09-16,F,Married,US Citizen,No,Black or African American,2015-02-16,2015-04-15,"no-call, no-show",Terminated for Cause,Admin Offices,Brandon R. LeBlanc,1,Indeed,Fully Meets,3.24,3,4,2015-04-15,0,6
133,"Hudson, Jane",10248,No,0,0,1,5,3,No,55425,No,19,Production Technician I,MA,2176,1986-06-10,F,Single,US Citizen,No,White,2012-02-20,,N/A-StillEmployed,Active,Production       ,Ketsia Liebig,19,LinkedIn,Fully Meets,4.8,4,0,2019-01-07,0,4
134,"Hunts, Julissa",10201,No,0,0,2,5,3,No,69340,No,20,Production Technician II,MA,2021,1984-03-11,F,Single,US Citizen,No,White,2016-06-06,,N/A-StillEmployed,Active,Production       ,Elijiah Gray,16,LinkedIn,Fully Meets,3.0,5,0,2019-01-18,0,4
135,"Hutter, Rosalie",10214,No,3,0,2,5,3,No,64995,No,20,Production Technician II,MA,2351,1992-05-07,F,Separated,US Citizen,No,White,2015-06-05,,N/A-StillEmployed,Active,Production       ,Webster Butler,39,Indeed,Fully Meets,4.5,3,0,2019-02-14,0,6
136,"Huynh, Ming",10160,No,2,0,5,5,3,No,68182,Yes,20,Production Technician II,MA,1742,1976-09-22,F,Divorced,US Citizen,No,White,2011-02-21,2013-04-01,unhappy,Voluntarily Terminated,Production       ,Amy Dunn,11,Google Search,Fully Meets,3.72,3,0,2013-02-01,0,18
137,"Immediato, Walter",10289,Yes,1,1,5,5,2,No,83082,Yes,18,Production Manager,MA,2128,1976-11-15,M ,Married,US Citizen,No,Asian,2011-02-21,2012-09-24,unhappy,Voluntarily Terminated,Production       ,Janet King,2,Indeed,Needs Improvement,2.34,2,0,2012-04-12,3,4
138,"Ivey, Rose ",10139,No,0,0,1,5,3,No,51908,No,19,Production Technician I,MA,1775,1991-01-28,F,Single,US Citizen,No,White,2013-08-19,,N/A-StillEmployed,Active,Production       ,Brannon Miller,12,Indeed,Fully Meets,3.99,3,0,2019-01-14,0,14
139,"Jackson, Maryellen",10227,No,0,0,1,5,3,No,61242,No,19,Production Technician I,MA,2081,1972-09-11,F,Single,US Citizen,No,Black or African American,2012-11-05,,N/A-StillEmployed,Active,Production       ,David Stanley,14,LinkedIn,Fully Meets,4.1,3,0,2019-01-17,0,7
140,"Jacobi, Hannah  ",10236,No,2,0,1,5,3,No,45069,No,19,Production Technician I,MA,1778,2066-03-22,F,Divorced,US Citizen,No,White,2013-09-30,,N/A-StillEmployed,Active,Production       ,Kissy Sullivan,20,Employee Referral,Fully Meets,4.3,5,0,2019-02-22,0,7
141,"Jeannite, Tayana",10009,No,2,0,1,5,4,No,60724,No,20,Production Technician II,MA,1821,1986-11-06,F,Divorced,US Citizen,No,American Indian or Alaska Native,2011-07-05,,N/A-StillEmployed,Active,Production       ,Ketsia Liebig,19,LinkedIn,Exceeds,4.6,4,0,2019-02-25,0,11
142,"Jhaveri, Sneha  ",10060,No,3,0,1,5,3,No,60436,No,19,Production Technician I,MA,2109,2064-04-13,F,Separated,US Citizen,No,White,2014-01-06,,N/A-StillEmployed,Active,Production       ,Kelley Spirea,18,LinkedIn,Fully Meets,5.0,5,0,2019-01-21,0,9
143,"Johnson, George",10034,Yes,1,1,5,5,4,No,46837,Yes,19,Production Technician I,MA,2445,2059-08-19,M ,Married,US Citizen,No,White,2011-11-07,2018-04-29,more money,Voluntarily Terminated,Production       ,Michael Albert,22,CareerBuilder,Exceeds,4.7,4,0,2018-02-14,0,9
144,"Johnson, Noelle ",10156,Yes,1,0,3,3,3,No,105700,No,8,Database Administrator,MA,2301,1986-11-07,F,Married,US Citizen,No,Asian,2015-01-05,,N/A-StillEmployed,Active,IT/IS,Simon Roup,4,Indeed,Fully Meets,3.75,3,5,2019-02-11,0,2
145,"Johnston, Yen",10036,No,0,0,1,5,4,No,63322,No,20,Production Technician II,MA,2128,1969-09-08,F,Single,US Citizen,No,White,2014-07-07,,N/A-StillEmployed,Active,Production       ,Brannon Miller,12,LinkedIn,Exceeds,4.3,3,0,2019-01-11,0,1
146,"Jung, Judy  ",10138,Yes,1,0,5,5,3,No,61154,Yes,19,Production Technician I,MA,2446,1986-04-17,F,Married,US Citizen,No,Black or African American,2011-01-10,2016-04-01,unhappy,Voluntarily Terminated,Production       ,Elijiah Gray,16,CareerBuilder,Fully Meets,4.0,4,0,2016-02-03,0,4
147,"Kampew, Donysha",10244,No,0,0,5,6,3,No,68999,Yes,21,Sales Manager,PA,19444,1989-11-11,F,Single,US Citizen,No,White,2011-11-07,2014-04-24,maternity leave - did not return,Voluntarily Terminated,Sales,Debra Houlihan,15,Google Search,Fully Meets,4.5,5,0,2013-03-30,0,2
148,"Keatts, Kramer ",10192,No,0,1,1,5,3,No,50482,No,19,Production Technician I,MA,1887,1976-01-19,M ,Single,US Citizen,No,White,2013-09-30,,N/A-StillEmployed,Active,Production       ,Michael Albert,22,Indeed,Fully Meets,3.07,4,0,2019-01-23,0,10
149,"Khemmich, Bartholemew",10231,No,0,1,1,6,3,No,65310,No,3,Area Sales Manager,CO,80820,1979-11-27,M ,Single,US Citizen,No,White,2013-08-19,,N/A-StillEmployed,Active,Sales,Lynn Daneault,21,Indeed,Fully Meets,4.3,5,0,2019-01-22,0,13
150,"King, Janet",10089,Yes,1,0,1,2,3,No,250000,No,16,President & CEO,MA,1902,2054-09-21,F,Married,US Citizen,Yes,White,2012-07-02,,N/A-StillEmployed,Active,Executive Office,Board of Directors,9,Indeed,Fully Meets,4.83,3,0,2019-01-17,0,10
151,"Kinsella, Kathleen  ",10166,Yes,1,0,5,5,3,No,54005,Yes,19,Production Technician I,MA,2170,1973-12-08,F,Married,US Citizen,No,White,2011-09-26,2015-06-04,more money,Voluntarily Terminated,Production       ,Webster Butler,39,Google Search,Fully Meets,3.6,5,0,2015-03-01,0,16
152,"Kirill, Alexandra  ",10170,Yes,1,0,5,5,3,No,45433,Yes,19,Production Technician I,MA,2127,1970-10-08,F,Married,US Citizen,No,White,2011-09-26,2014-01-09,more money,Voluntarily Terminated,Production       ,Amy Dunn,11,Google Search,Fully Meets,3.49,4,0,2013-01-30,0,6
153,"Knapp, Bradley  J",10208,No,0,1,1,5,3,No,46654,No,19,Production Technician I,MA,1721,1977-11-10,M ,Single,US Citizen,No,Black or African American,2014-02-17,,N/A-StillEmployed,Active,Production       ,Ketsia Liebig,19,LinkedIn,Fully Meets,3.1,3,0,2019-02-06,0,3
154,"Kretschmer, John",10176,Yes,1,1,1,5,3,No,63973,No,19,Production Technician I,MA,1801,1980-02-02,M ,Married,US Citizen,No,Asian,2011-01-10,,N/A-StillEmployed,Active,Production       ,Brannon Miller,12,Indeed,Fully Meets,3.38,3,0,2019-01-21,0,17
155,"Kreuger, Freddy",10165,No,0,1,1,6,3,Yes,71339,No,3,Area Sales Manager,NY,10171,1969-02-24,M ,Single,US Citizen,Yes,Black or African American,2011-03-07,,N/A-StillEmployed,Active,Sales,John Smith,17,Diversity Job Fair,Fully Meets,3.65,5,0,2019-01-17,0,20
156,"Lajiri,  Jyoti",10113,Yes,1,1,3,3,3,No,93206,No,28,Sr. Network Engineer,MA,2169,1986-04-23,M ,Married,US Citizen,No,White,2014-11-10,,N/A-StillEmployed,Active,IT/IS,Peter Monroe,7,Employee Referral,Fully Meets,4.46,5,6,2019-01-07,0,7
157,"Landa, Hans",10092,Yes,1,1,4,5,3,No,82758,Yes,18,Production Manager,MA,1890,1972-07-01,M ,Married,US Citizen,No,White,2011-01-10,2015-12-12,attendance,Terminated for Cause,Production       ,Janet King,2,Employee Referral,Fully Meets,4.78,4,0,2015-02-15,0,9
158,"Langford, Lindsey",10106,No,2,0,5,5,3,No,66074,Yes,20,Production Technician II,MA,2090,1979-07-25,F,Divorced,US Citizen,No,Asian,2013-01-07,2014-03-31,Another position,Voluntarily Terminated,Production       ,David Stanley,14,Indeed,Fully Meets,4.52,3,0,2014-02-20,0,20
159,"Langton, Enrico",10052,Yes,1,1,1,5,3,No,46120,No,19,Production Technician I,MA,2048,1986-12-09,M ,Married,US Citizen,No,White,2012-07-09,,N/A-StillEmployed,Active,Production       ,David Stanley,14,LinkedIn,Fully Meets,5.0,5,0,2019-02-04,0,13
160,"LaRotonda, William  ",10038,No,2,1,1,1,3,No,64520,No,1,Accountant I,MA,1460,1984-04-26,M ,Divorced,US Citizen,No,Black or African American,2014-01-06,,N/A-StillEmployed,Active,Admin Offices,Brandon R. LeBlanc,1,Website,Fully Meets,5.0,4,4,2019-01-17,0,3
161,"Latif, Mohammed",10249,Yes,1,1,5,5,3,No,61962,Yes,20,Production Technician II,MA,2126,1984-05-09,M ,Married,US Citizen,No,White,2012-04-02,2013-04-15,more money,Voluntarily Terminated,Production       ,Kissy Sullivan,20,Google Search,Fully Meets,4.9,3,0,2013-02-20,0,20
162,"Le, Binh",10232,No,0,0,1,3,3,No,81584,No,22,Senior BI Developer,MA,1886,1987-06-14,F,Single,US Citizen,No,Asian,2016-10-02,,N/A-StillEmployed,Active,IT/IS,Brian Champaigne,13,Indeed,Fully Meets,4.1,5,7,2019-01-08,0,2
163,"Leach, Dallas",10087,No,0,0,5,5,3,No,63676,Yes,19,Production Technician I,MA,1810,1979-01-17,F,Single,US Citizen,No,Asian,2011-09-26,2018-08-19,return to school,Voluntarily Terminated,Production       ,Kissy Sullivan,20,CareerBuilder,Fully Meets,4.88,3,0,2017-07-02,0,17
164,"LeBlanc, Brandon  R",10134,Yes,1,1,1,1,3,No,93046,No,23,Shared Services Manager,MA,1460,1984-06-10,M ,Married,US Citizen,No,White,2016-01-05,,N/A-StillEmployed,Active,Admin Offices,Janet King,2,CareerBuilder,Fully Meets,4.1,4,0,2019-01-28,0,20
165,"Lecter, Hannibal",10251,Yes,1,1,1,5,3,No,64738,No,19,Production Technician I,MA,1776,1982-09-02,M ,Married,US Citizen,No,Asian,2012-05-14,,N/A-StillEmployed,Active,Production       ,Elijiah Gray,16,Google Search,Fully Meets,4.1,3,0,2019-02-22,0,10
166,"Leruth, Giovanni",10103,No,3,1,1,6,3,No,70468,No,3,Area Sales Manager,UT,84111,1988-12-27,M ,Separated,US Citizen,No,Black or African American,2012-04-30,,N/A-StillEmployed,Active,Sales,John Smith,17,Website,Fully Meets,4.53,3,0,2019-01-29,0,16
167,"Liebig, Ketsia",10017,Yes,1,0,1,5,4,No,77915,No,18,Production Manager,MA,2110,1981-10-26,F,Married,US Citizen,No,White,2013-09-30,,N/A-StillEmployed,Active,Production       ,Janet King,2,Website,Exceeds,4.1,3,0,2019-01-21,0,11
168,"Linares, Marilyn ",10186,Yes,1,0,5,5,3,No,52624,Yes,19,Production Technician I,MA,1886,1981-03-26,F,Married,US Citizen,No,White,2011-07-05,2018-09-26,unhappy,Voluntarily Terminated,Production       ,Michael Albert,22,Indeed,Fully Meets,3.18,4,0,2018-03-02,0,16
169,"Linden, Mathew",10137,Yes,1,1,3,5,3,No,63450,No,20,Production Technician II,MA,1770,1979-03-19,M ,Married,US Citizen,No,White,2013-07-08,,N/A-StillEmployed,Active,Production       ,Kelley Spirea,18,LinkedIn,Fully Meets,4.0,3,0,2019-02-18,0,7
170,"Lindsay, Leonara ",10008,No,0,0,1,3,4,Yes,51777,No,14,IT Support,CT,6070,1988-10-05,F,Single,US Citizen,Yes,Black or African American,2011-01-21,,N/A-StillEmployed,Active,IT/IS,Eric Dougall,6,Diversity Job Fair,Exceeds,4.64,4,5,2019-01-25,0,14
171,"Lundy, Susan",10096,No,4,0,5,5,3,No,67237,Yes,20,Production Technician II,MA,2122,1976-12-26,F,Widowed,US Citizen,No,White,2013-07-08,2016-09-15,more money,Voluntarily Terminated,Production       ,Michael Albert,22,LinkedIn,Fully Meets,4.65,4,0,2016-06-10,0,15
172,"Lunquist, Lisa",10035,No,0,0,1,5,4,No,73330,No,20,Production Technician II,MA,2324,1982-03-28,F,Single,US Citizen,No,Black or African American,2013-08-19,,N/A-StillEmployed,Active,Production       ,Elijiah Gray,16,Indeed,Exceeds,4.2,4,0,2019-02-12,0,19
173,"Lydon, Allison",10057,Yes,1,0,3,5,3,No,52057,No,19,Production Technician I,MA,2122,1975-10-22,F,Married,US Citizen,No,Black or African American,2015-02-16,,N/A-StillEmployed,Active,Production       ,Elijiah Gray,16,Website,Fully Meets,5.0,3,0,2019-01-23,0,6
174,"Lynch, Lindsay",10004,No,0,0,5,5,4,Yes,47434,Yes,19,Production Technician I,MA,1844,1973-02-14,F,Single,US Citizen,Yes,Black or African American,2011-11-07,2015-11-14,Another position,Voluntarily Terminated,Production       ,Webster Butler,39,Diversity Job Fair,Exceeds,5.0,4,0,2015-02-02,0,17
175,"MacLennan, Samuel",10191,No,4,1,5,5,3,No,52788,Yes,19,Production Technician I,MA,1938,1972-11-09,M ,Widowed,US Citizen,No,White,2012-09-24,2017-09-26,hours,Voluntarily Terminated,Production       ,Amy Dunn,11,Indeed,Fully Meets,3.08,4,0,2017-04-01,0,18
176,"Mahoney, Lauren  ",10219,No,0,0,1,5,3,No,45395,No,19,Production Technician I,MA,2189,1986-07-07,F,Single,US Citizen,No,White,2014-01-06,,N/A-StillEmployed,Active,Production       ,Ketsia Liebig,19,LinkedIn,Fully Meets,4.6,4,0,2019-02-26,0,14
177,"Manchester, Robyn",10077,Yes,1,0,2,5,3,No,62385,No,20,Production Technician II,MA,2324,1976-08-25,F,Married,US Citizen,No,White,2016-05-11,,N/A-StillEmployed,Active,Production       ,Webster Butler,39,LinkedIn,Fully Meets,5.0,3,0,2019-01-21,0,4
178,"Mancuso, Karen",10073,Yes,1,0,5,5,3,No,68407,Yes,20,Production Technician II,MA,2176,1986-12-10,F,Married,US Citizen,No,Two or more races,2011-07-05,2012-08-19,Another position,Voluntarily Terminated,Production       ,Amy Dunn,11,LinkedIn,Fully Meets,5.0,4,0,2012-07-02,0,16
179,"Mangal, Debbie",10279,Yes,1,0,1,5,3,No,61349,No,19,Production Technician I,MA,2451,1974-11-07,F,Married,US Citizen,No,White,2013-11-11,,N/A-StillEmployed,Active,Production       ,Brannon Miller,12,LinkedIn,Fully Meets,4.1,3,0,2019-01-22,0,11
180,"Martin, Sandra",10110,No,0,0,1,4,3,No,105688,No,24,Software Engineer,MA,2135,1987-11-07,F,Single,US Citizen,No,Asian,2013-11-11,,N/A-StillEmployed,Active,Software Engineering,Alex Sweetwater,10,Google Search,Fully Meets,4.5,5,4,2019-01-14,0,14
181,"Maurice, Shana",10053,Yes,1,0,1,5,3,No,54132,No,19,Production Technician I,MA,2330,1977-11-22,F,Married,US Citizen,No,White,2011-05-31,,N/A-StillEmployed,Active,Production       ,David Stanley,14,Indeed,Fully Meets,5.0,4,0,2019-01-10,0,8
182,"Carthy, B'rigit",10076,No,0,0,1,5,3,No,55315,No,20,Production Technician II,MA,2149,1987-05-21,F,Single,US Citizen,No,Black or African American,2015-03-30,,N/A-StillEmployed,Active,Production       ,Ketsia Liebig,19,LinkedIn,Fully Meets,5.0,5,0,2019-02-07,0,16
183,"Mckenna, Sandy",10145,Yes,1,0,1,5,3,No,62810,No,19,Production Technician I,MA,2184,1987-01-07,F,Married,US Citizen,No,Black or African American,2013-01-07,,N/A-StillEmployed,Active,Production       ,Kissy Sullivan,20,CareerBuilder,Fully Meets,3.93,3,0,2019-01-30,0,20
184,"McKinzie, Jac",10202,Yes,1,1,2,6,3,No,63291,No,3,Area Sales Manager,TX,78789,1984-07-01,M ,Married,US Citizen,No,Two or more races,2016-07-06,,N/A-StillEmployed,Active,Sales,Lynn Daneault,21,Website,Fully Meets,3.4,4,0,2019-01-29,0,7
185,"Meads, Elizabeth",10128,No,0,0,5,5,3,Yes,62659,Yes,19,Production Technician I,MA,1760,2068-05-30,F,Single,US Citizen,No,Black or African American,2012-04-02,2016-11-11,Another position,Voluntarily Terminated,Production       ,Kelley Spirea,18,Diversity Job Fair,Fully Meets,4.18,4,0,2016-02-05,0,17
186,"Medeiros, Jennifer",10068,No,0,0,1,5,3,No,55688,No,19,Production Technician I,MA,2346,1976-09-22,F,Single,US Citizen,No,White,2015-03-30,,N/A-StillEmployed,Active,Production       ,Michael Albert,22,CareerBuilder,Fully Meets,5.0,4,0,2019-01-21,0,10
187,"Miller, Brannon",10116,No,0,1,1,5,3,No,83667,No,18,Production Manager,MA,2045,1981-08-10,M ,Single,US Citizen,Yes,Hispanic,2012-08-16,,N/A-StillEmployed,Active,Production       ,Janet King,2,Indeed,Fully Meets,4.37,3,0,2019-01-14,0,2
188,"Miller, Ned",10298,No,0,1,5,5,1,No,55800,Yes,20,Production Technician II,MA,2472,1985-06-29,M ,Single,US Citizen,No,White,2011-08-15,2014-09-04,unhappy,Voluntarily Terminated,Production       ,Brannon Miller,12,LinkedIn,PIP,3.0,2,0,2013-01-14,6,6
189,"Monkfish, Erasumus",10213,Yes,1,1,1,5,3,No,58207,No,20,Production Technician II,MA,1450,1992-08-17,M ,Married,US Citizen,No,White,2011-11-07,,N/A-StillEmployed,Active,Production       ,David Stanley,14,LinkedIn,Fully Meets,3.7,3,0,2019-01-08,0,14
190,"Monroe, Peter",10288,Yes,1,1,1,3,2,Yes,157000,No,13,IT Manager - Infra,MA,2134,1986-10-05,M ,Married,Eligible NonCitizen,Yes,Black or African American,2012-02-15,,N/A-StillEmployed,Active,IT/IS,Jennifer Zamora,5,Diversity Job Fair,Needs Improvement,2.39,3,6,2019-02-22,4,13
191,"Monterro, Luisa",10025,No,0,0,1,5,4,No,72460,No,20,Production Technician II,MA,2126,1970-04-24,F,Single,US Citizen,No,Black or African American,2013-05-13,,N/A-StillEmployed,Active,Production       ,Kissy Sullivan,20,Indeed,Exceeds,4.7,3,0,2019-01-14,0,1
192,"Moran, Patrick",10223,No,0,1,3,5,3,Yes,72106,No,20,Production Technician II,MA,2127,1976-12-03,M ,Single,US Citizen,No,Black or African American,2012-01-09,,N/A-StillEmployed,Active,Production       ,Kelley Spirea,18,Diversity Job Fair,Fully Meets,4.1,4,0,2019-01-31,0,12
193,"Morway, Tanya",10151,Yes,1,0,1,3,3,No,52599,No,15,Network Engineer,MA,2048,1979-04-04,F,Married,US Citizen,No,White,2015-02-16,,N/A-StillEmployed,Active,IT/IS,Peter Monroe,7,CareerBuilder,Fully Meets,3.81,3,6,2019-02-11,0,6
194,"Motlagh,  Dawn",10254,No,2,0,1,5,3,No,63430,No,19,Production Technician I,MA,2453,1984-07-07,F,Divorced,US Citizen,No,White,2013-04-01,,N/A-StillEmployed,Active,Production       ,Elijiah Gray,16,LinkedIn,Fully Meets,4.4,4,0,2019-01-17,0,18
195,"Moumanil, Maliki ",10120,No,3,1,1,5,3,No,74417,No,20,Production Technician II,MA,1460,1974-12-01,M ,Separated,US Citizen,No,Black or African American,2013-05-13,,N/A-StillEmployed,Active,Production       ,Michael Albert,22,LinkedIn,Fully Meets,4.29,5,0,2019-01-28,0,11
196,"Myers, Michael",10216,No,0,1,1,5,3,No,57575,No,19,Production Technician I,MA,1550,1980-04-18,M ,Single,US Citizen,No,Asian,2013-07-08,,N/A-StillEmployed,Active,Production       ,Kissy Sullivan,20,LinkedIn,Fully Meets,4.1,4,0,2019-01-22,0,13
197,"Navathe, Kurt",10079,No,0,1,1,3,3,No,87921,No,22,Senior BI Developer,MA,2056,1970-04-25,M ,Single,US Citizen,No,Asian,2017-02-10,,N/A-StillEmployed,Active,IT/IS,Brian Champaigne,13,Indeed,Fully Meets,5.0,3,6,2019-02-25,0,17
198,"Ndzi, Colombui",10215,No,0,1,5,5,3,Yes,50470,Yes,19,Production Technician I,MA,2110,1989-05-02,M ,Single,US Citizen,No,Black or African American,2011-09-26,2014-04-04,return to school,Voluntarily Terminated,Production       ,Webster Butler,39,Diversity Job Fair,Fully Meets,4.3,3,0,2013-03-02,0,19
199,"Ndzi, Horia",10185,Yes,1,1,5,5,3,No,46664,Yes,19,Production Technician I,MA,2421,1983-03-28,M ,Married,US Citizen,No,White,2013-04-01,2016-05-25,more money,Voluntarily Terminated,Production       ,Amy Dunn,11,Employee Referral,Fully Meets,3.18,3,0,2016-03-06,0,10
200,"Newman, Richard ",10063,Yes,1,1,3,5,3,No,48495,No,19,Production Technician I,MA,2136,1977-04-08,M ,Married,US Citizen,No,White,2014-05-12,,N/A-StillEmployed,Active,Production       ,Ketsia Liebig,19,LinkedIn,Fully Meets,5.0,5,0,2019-02-18,0,11
201,"Ngodup, Shari ",10037,No,3,0,1,5,4,Yes,52984,No,19,Production Technician I,MA,1810,2067-06-03,F,Separated,US Citizen,No,Black or African American,2013-04-01,,N/A-StillEmployed,Active,Production       ,Brannon Miller,12,Diversity Job Fair,Exceeds,4.0,3,0,2019-02-13,0,12
202,"Nguyen, Dheepa",10042,No,0,0,1,6,3,No,63695,No,3,Area Sales Manager,GA,30428,1989-03-31,F,Single,US Citizen,No,Two or more races,2013-07-08,,N/A-StillEmployed,Active,Sales,Lynn Daneault,21,Indeed,Fully Meets,5.0,5,0,2019-01-25,0,2
203,"Nguyen, Lei-Ming",10206,No,0,0,1,5,3,No,62061,No,19,Production Technician I,MA,2132,1984-07-07,F,Single,US Citizen,No,White,2013-07-08,,N/A-StillEmployed,Active,Production       ,David Stanley,14,LinkedIn,Fully Meets,3.6,5,0,2019-01-02,0,4
204,"Nowlan, Kristie",10104,No,0,0,1,5,3,No,66738,No,20,Production Technician II,MA,1040,1985-11-23,F,Single,US Citizen,No,White,2014-11-10,,N/A-StillEmployed,Active,Production       ,Elijiah Gray,16,Indeed,Fully Meets,4.53,5,0,2019-01-16,0,5
205,"O'hare, Lynn",10303,No,0,0,4,5,1,No,52674,Yes,19,Production Technician I,MA,2152,1980-09-30,F,Single,US Citizen,No,Two or more races,2014-03-31,2018-05-01,performance,Terminated for Cause,Production       ,Kissy Sullivan,20,LinkedIn,PIP,2.33,2,0,2018-03-09,6,3
206,"Oliver, Brooke ",10078,Yes,1,0,5,5,3,No,71966,Yes,20,Production Technician II,MA,2492,2052-02-11,F,Married,US Citizen,No,Asian,2012-05-14,2013-08-19,unhappy,Voluntarily Terminated,Production       ,Webster Butler,39,LinkedIn,Fully Meets,5.0,3,0,2013-07-02,0,17
207,"Onque, Jasmine",10121,No,0,0,1,6,3,No,63051,No,3,Area Sales Manager,FL,33174,1990-05-11,F,Single,US Citizen,Yes,White,2013-09-30,,N/A-StillEmployed,Active,Sales,Lynn Daneault,21,Indeed,Fully Meets,4.28,3,0,2019-01-25,0,1
208,"Osturnka, Adeel",10021,Yes,1,1,1,5,4,No,47414,No,19,Production Technician I,MA,2478,1976-12-11,M ,Married,US Citizen,No,White,2013-09-30,,N/A-StillEmployed,Active,Production       ,Kelley Spirea,18,LinkedIn,Exceeds,5.0,3,0,2019-02-07,0,13
209,"Owad, Clinton",10281,No,0,1,1,5,2,No,53060,No,19,Production Technician I,MA,1760,1979-11-24,M ,Single,US Citizen,No,Black or African American,2014-02-17,,N/A-StillEmployed,Active,Production       ,Michael Albert,22,LinkedIn,Needs Improvement,4.25,3,0,2019-02-04,4,6
210,"Ozark, Travis",10041,No,0,1,1,6,3,No,68829,No,3,Area Sales Manager,NC,27229,1982-05-19,M ,Single,US Citizen,No,White,2015-01-05,,N/A-StillEmployed,Active,Sales,John Smith,17,Website,Fully Meets,5.0,5,0,2019-01-14,0,18
211,"Panjwani, Nina",10148,Yes,1,0,5,5,3,No,63515,Yes,19,Production Technician I,MA,2351,1979-05-01,F,Married,US Citizen,No,White,2011-02-07,2014-01-12,Another position,Voluntarily Terminated,Production       ,Elijiah Gray,16,Google Search,Fully Meets,3.89,4,0,2013-03-04,0,7
212,"Patronick, Lucas",10005,No,0,1,5,4,4,Yes,108987,Yes,24,Software Engineer,MA,1844,1979-02-20,M ,Single,US Citizen,No,Black or African American,2011-11-07,2015-09-07,Another position,Voluntarily Terminated,Software Engineering,Alex Sweetwater,10,Diversity Job Fair,Exceeds,5.0,5,3,2015-08-16,0,13
213,"Pearson, Randall",10259,Yes,1,1,5,3,3,No,93093,Yes,9,Data Analyst,MA,2747,1984-09-05,M ,Married,US Citizen,No,White,2014-12-01,2016-05-01,performance,Voluntarily Terminated,IT/IS,Simon Roup,4,Employee Referral,Fully Meets,4.7,4,5,2016-01-16,0,19
214,"Smith, Martin",10286,No,0,1,5,5,2,No,53564,Yes,19,Production Technician I,MA,2458,1988-03-17,M ,Single,US Citizen,No,Black or African American,2011-01-10,2017-12-28,career change,Voluntarily Terminated,Production       ,Webster Butler,39,Google Search,Needs Improvement,3.54,5,0,2017-04-06,4,15
215,"Pelletier, Ermine",10297,Yes,1,0,5,5,2,No,60270,Yes,20,Production Technician II,MA,2472,1989-07-18,F,Married,US Citizen,No,Asian,2011-07-05,2015-09-15,unhappy,Voluntarily Terminated,Production       ,Amy Dunn,11,CareerBuilder,Needs Improvement,2.4,5,0,2015-02-06,5,2
216,"Perry, Shakira",10171,No,0,0,5,5,3,No,45998,Yes,19,Production Technician I,MA,2176,1986-07-20,F,Single,US Citizen,No,White,2011-05-16,2015-10-25,medical issues,Voluntarily Terminated,Production       ,Amy Dunn,11,LinkedIn,Fully Meets,3.45,4,0,2014-05-13,0,5
217,"Peters, Lauren",10032,Yes,1,0,5,5,4,No,57954,Yes,20,Production Technician II,MA,1886,1986-08-17,F,Married,US Citizen,No,White,2011-05-16,2013-02-04,more money,Voluntarily Terminated,Production       ,Ketsia Liebig,19,Indeed,Exceeds,4.2,5,0,2013-01-10,0,12
218,"Peterson, Ebonee  ",10130,Yes,1,0,5,5,3,No,74669,Yes,18,Production Manager,MA,2030,1977-05-09,F,Married,US Citizen,No,White,2010-10-25,2016-05-18,Another position,Voluntarily Terminated,Production       ,Janet King,2,Indeed,Fully Meets,4.16,5,0,2015-03-05,0,6
219,"Petingill, Shana  ",10217,Yes,1,0,1,5,3,No,74226,No,20,Production Technician II,MA,2050,1979-03-10,F,Married,Eligible NonCitizen,No,Asian,2012-04-02,,N/A-StillEmployed,Active,Production       ,Brannon Miller,12,LinkedIn,Fully Meets,4.3,3,0,2019-01-14,0,14
220,"Petrowsky, Thelma",10016,Yes,1,0,1,3,4,No,93554,No,9,Data Analyst,MA,1886,1984-09-16,F,Married,US Citizen,No,Black or African American,2014-11-10,,N/A-StillEmployed,Active,IT/IS,Simon Roup,4,Employee Referral,Exceeds,4.6,5,7,2019-01-04,0,16
221,"Pham, Hong",10050,Yes,1,1,5,5,3,No,64724,Yes,19,Production Technician I,MA,2451,1988-03-06,M ,Married,US Citizen,No,Asian,2011-07-05,2012-11-30,more money,Voluntarily Terminated,Production       ,Brannon Miller,12,Google Search,Fully Meets,5.0,3,0,2012-02-20,0,13
222,"Pitt, Brad ",10164,No,0,1,1,5,3,No,47001,No,19,Production Technician I,MA,2451,1981-11-23,M ,Single,US Citizen,No,White,2007-11-05,,N/A-StillEmployed,Active,Production       ,David Stanley,14,Google Search,Fully Meets,3.66,3,0,2019-02-25,0,15
223,"Potts, Xana",10124,Yes,1,0,1,6,3,No,61844,No,3,Area Sales Manager,KY,40220,1988-08-29,F,Married,US Citizen,No,Black or African American,2012-01-09,,N/A-StillEmployed,Active,Sales,Lynn Daneault,21,Website,Fully Meets,4.2,5,0,2019-02-01,0,9
224,"Power, Morissa",10187,No,2,0,5,5,3,No,46799,Yes,19,Production Technician I,MA,1742,1984-10-15,F,Divorced,Eligible NonCitizen,No,Asian,2011-05-16,2018-06-04,Another position,Voluntarily Terminated,Production       ,Kissy Sullivan,20,Google Search,Fully Meets,3.17,4,0,2018-04-02,0,14
225,"Punjabhi, Louis  ",10225,No,0,1,1,5,3,No,59472,No,19,Production Technician I,MA,2109,2061-06-19,M ,Single,US Citizen,No,White,2014-01-06,,N/A-StillEmployed,Active,Production       ,Kelley Spirea,18,Employee Referral,Fully Meets,4.8,3,0,2019-01-07,0,14
226,"Purinton, Janine",10262,No,2,0,5,5,3,No,46430,Yes,19,Production Technician I,MA,2474,1970-09-22,F,Divorced,US Citizen,No,White,2012-09-24,2013-06-18,unhappy,Voluntarily Terminated,Production       ,Kissy Sullivan,20,Indeed,Fully Meets,4.5,5,0,2013-04-02,0,16
227,"Quinn, Sean",10131,Yes,1,1,5,1,3,Yes,83363,Yes,23,Software Engineer,MA,2045,1984-11-06,M ,Married,Eligible NonCitizen,No,Black or African American,2011-02-21,2015-08-15,career change,Voluntarily Terminated,Software Engineering,Janet King,2,Diversity Job Fair,Fully Meets,4.15,4,0,2014-04-19,0,4
228,"Rachael, Maggie",10239,Yes,1,0,1,3,3,No,95920,No,4,BI Developer,MA,2110,1980-05-12,F,Married,US Citizen,No,Black or African American,2016-10-02,,N/A-StillEmployed,Active,IT/IS,Brian Champaigne,13,Indeed,Fully Meets,4.4,4,6,2019-02-06,0,10
229,"Rarrick, Quinn",10152,No,2,1,5,5,3,No,61729,Yes,19,Production Technician I,MA,2478,1984-12-31,M ,Divorced,US Citizen,No,White,2011-09-26,2018-04-07,more money,Voluntarily Terminated,Production       ,Michael Albert,22,Indeed,Fully Meets,3.8,5,0,2018-02-04,0,19
230,"Ren, Kylo",10140,Yes,1,1,1,6,3,No,61809,No,3,Area Sales Manager,ID,83706,2054-10-12,M ,Married,US Citizen,No,White,2014-05-12,,N/A-StillEmployed,Active,Sales,John Smith,17,CareerBuilder,Fully Meets,3.98,3,0,2019-01-28,0,4
231,"Rhoads, Thomas",10058,No,2,1,5,5,3,No,45115,Yes,19,Production Technician I,MA,2176,1982-07-22,M ,Divorced,US Citizen,Yes,White,2011-05-16,2016-01-15,retiring,Voluntarily Terminated,Production       ,Elijiah Gray,16,LinkedIn,Fully Meets,5.0,4,0,2015-03-30,0,11
232,"Rivera, Haley  ",10011,Yes,1,0,1,5,4,No,46738,No,19,Production Technician I,MA,2171,1973-01-12,F,Married,US Citizen,No,Asian,2011-11-28,,N/A-StillEmployed,Active,Production       ,Webster Butler,39,Google Search,Exceeds,4.36,5,0,2019-02-11,0,16
233,"Roberson, May",10230,No,2,0,5,5,3,No,64971,Yes,20,Production Technician II,MA,1902,1981-09-05,F,Divorced,Eligible NonCitizen,No,Black or African American,2011-09-26,2011-10-22,return to school,Voluntarily Terminated,Production       ,David Stanley,14,Google Search,Fully Meets,4.5,4,0,2011-10-22,0,10
234,"Robertson, Peter",10224,Yes,1,1,5,5,3,No,55578,Yes,20,Production Technician II,MA,2138,1972-07-03,M ,Married,US Citizen,No,White,2011-07-05,2012-02-08,Another position,Voluntarily Terminated,Production       ,Kissy Sullivan,20,Indeed,Fully Meets,4.2,5,0,2012-01-06,0,13
235,"Robinson, Alain  ",10047,Yes,1,1,5,5,3,No,50428,Yes,19,Production Technician I,MA,1420,1974-01-07,M ,Married,US Citizen,No,Black or African American,2011-01-10,2016-01-26,attendance,Voluntarily Terminated,Production       ,Amy Dunn,11,Indeed,Fully Meets,5.0,3,0,2015-01-10,0,11
236,"Robinson, Cherly",10285,Yes,1,0,4,5,2,No,61422,Yes,19,Production Technician I,MA,1460,1985-01-07,F,Married,US Citizen,No,White,2011-01-10,2016-05-17,attendance,Terminated for Cause,Production       ,Ketsia Liebig,19,Indeed,Needs Improvement,3.6,3,0,2016-04-05,4,16
237,"Robinson, Elias",10020,No,4,1,1,5,4,No,63353,No,19,Production Technician I,MA,1730,1985-01-28,M ,Widowed,US Citizen,No,White,2013-07-08,,N/A-StillEmployed,Active,Production       ,Brannon Miller,12,Employee Referral,Exceeds,3.6,5,0,2019-02-11,0,4
238,"Roby, Lori ",10162,Yes,1,0,1,3,3,No,89883,No,9,Data Analyst,MA,1886,1981-10-11,F,Married,US Citizen,No,White,2015-02-16,,N/A-StillEmployed,Active,IT/IS,Simon Roup,4,Employee Referral,Fully Meets,3.69,5,6,2019-02-14,0,15
239,"Roehrich, Bianca",10149,No,0,0,5,3,3,No,120000,Yes,29,Principal Data Architect,MA,2703,1973-05-27,F,Single,US Citizen,Yes,White,2015-01-05,2018-11-10,Another position,Voluntarily Terminated,IT/IS,Simon Roup,4,LinkedIn,Fully Meets,3.88,3,7,2018-02-13,0,12
240,"Roper, Katie",10086,No,0,0,1,3,3,No,150290,No,7,Data Architect,MA,2056,1972-11-21,F,Single,US Citizen,No,Black or African American,2017-01-07,,N/A-StillEmployed,Active,IT/IS,Brian Champaigne,13,Indeed,Fully Meets,4.94,3,5,2019-02-06,0,17
241,"Rose, Ashley  ",10054,No,3,0,1,5,3,No,60627,No,19,Production Technician I,MA,1886,1974-12-05,F,Separated,US Citizen,No,White,2014-01-06,,N/A-StillEmployed,Active,Production       ,David Stanley,14,Website,Fully Meets,5.0,4,0,2019-01-31,0,8
242,"Rossetti, Bruno",10065,No,0,1,5,5,3,No,53180,Yes,19,Production Technician I,MA,2155,1987-03-18,M ,Single,US Citizen,No,White,2011-04-04,2018-08-13,Another position,Voluntarily Terminated,Production       ,Kissy Sullivan,20,Google Search,Fully Meets,5.0,5,0,2018-07-02,0,4
243,"Roup,Simon",10198,No,0,1,1,3,3,No,140920,No,13,IT Manager - DB,MA,2481,1973-04-05,M ,Single,US Citizen,No,White,2013-01-20,,N/A-StillEmployed,Active,IT/IS,Jennifer Zamora,5,Indeed,Fully Meets,3.6,5,7,2019-02-18,0,13
244,"Ruiz, Ricardo",10222,No,2,1,5,3,3,Yes,148999,Yes,13,IT Manager - DB,MA,1915,2064-01-04,M ,Divorced,US Citizen,No,Black or African American,2012-01-09,2015-11-04,hours,Voluntarily Terminated,IT/IS,Jennifer Zamora,5,Diversity Job Fair,Fully Meets,4.3,4,6,2015-01-04,0,8
245,"Saada, Adell",10126,Yes,1,0,1,4,3,No,86214,No,24,Software Engineer,MA,2132,1986-07-24,F,Married,US Citizen,No,White,2012-11-05,,N/A-StillEmployed,Active,Software Engineering,Alex Sweetwater,10,Indeed,Fully Meets,4.2,3,6,2019-02-13,0,2
246,"Saar-Beckles, Melinda",10295,No,0,0,2,5,2,Yes,47750,No,19,Production Technician I,MA,1801,2068-06-06,F,Single,US Citizen,No,Black or African American,2016-07-04,,N/A-StillEmployed,Active,Production       ,Kelley Spirea,18,Diversity Job Fair,Needs Improvement,2.6,4,0,2019-02-18,5,4
247,"Sadki, Nore  ",10260,No,0,1,5,5,3,No,46428,Yes,19,Production Technician I,MA,2148,1974-12-21,M ,Single,US Citizen,No,White,2009-01-05,2018-07-30,relocation out of area,Voluntarily Terminated,Production       ,Michael Albert,22,Google Search,Fully Meets,4.6,5,0,2018-02-05,0,7
248,"Sahoo, Adil",10233,Yes,1,1,1,5,3,No,57975,No,20,Production Technician II,MA,2062,1986-04-26,M ,Married,US Citizen,No,White,2010-08-30,,N/A-StillEmployed,Active,Production       ,Kelley Spirea,18,CareerBuilder,Fully Meets,4.1,3,0,2019-01-10,0,13
249,"Salter, Jason",10229,No,2,1,5,3,3,No,88527,Yes,9,Data Analyst ,MA,2452,1987-12-17,M ,Divorced,US Citizen,No,Black or African American,2015-01-05,2015-10-31,hours,Voluntarily Terminated,IT/IS,Simon Roup,4,LinkedIn,Fully Meets,4.2,3,5,2015-04-20,0,2
250,"Sander, Kamrin",10169,Yes,1,0,1,5,3,No,56147,No,19,Production Technician I,MA,2154,1988-07-10,F,Married,US Citizen,No,Black or African American,2014-09-29,,N/A-StillEmployed,Active,Production       ,Elijiah Gray,16,LinkedIn,Fully Meets,3.51,3,0,2019-02-18,0,2
251,"Sewkumar, Nori",10071,No,0,0,3,5,3,No,50923,No,19,Production Technician I,MA,2191,1975-03-10,F,Single,US Citizen,No,Asian,2013-09-30,,N/A-StillEmployed,Active,Production       ,Webster Butler,39,Google Search,Fully Meets,5.0,5,0,2019-02-06,0,14
252,"Shepard, Anita ",10179,Yes,1,0,1,3,3,No,50750,No,15,Network Engineer,MA,1773,1981-04-14,F,Married,US Citizen,No,White,2014-09-30,,N/A-StillEmployed,Active,IT/IS,Peter Monroe,7,LinkedIn,Fully Meets,3.31,3,6,2019-01-07,0,7
253,"Shields, Seffi",10091,Yes,1,0,1,5,3,No,52087,No,19,Production Technician I,MA,2149,1985-08-24,F,Married,US Citizen,No,White,2013-08-19,,N/A-StillEmployed,Active,Production       ,Amy Dunn,11,LinkedIn,Fully Meets,4.81,4,0,2019-02-15,0,15
254,"Simard, Kramer",10178,Yes,1,1,1,3,3,No,87826,No,9,Data Analyst,MA,2110,1970-02-08,M ,Married,US Citizen,Yes,White,2015-01-05,,N/A-StillEmployed,Active,IT/IS,Simon Roup,4,Employee Referral,Fully Meets,3.32,3,7,2019-01-14,0,16
255,"Singh, Nan ",10039,No,0,0,1,1,3,No,51920,No,2,Administrative Assistant,MA,2330,1988-05-19,F,Single,US Citizen,No,White,2015-05-01,,N/A-StillEmployed,Active,Admin Offices,Brandon R. LeBlanc,1,Website,Fully Meets,5.0,3,5,2019-01-15,0,2
256,"Sloan, Constance",10095,No,0,0,5,5,3,No,63878,Yes,20,Production Technician II,MA,1851,1987-11-25,F,Single,US Citizen,No,White,2009-10-26,2015-04-08,maternity leave - did not return,Voluntarily Terminated,Production       ,Michael Albert,22,CareerBuilder,Fully Meets,4.68,4,0,2015-04-02,0,20
257,"Smith, Joe",10027,No,0,1,1,5,4,No,60656,No,20,Production Technician II,MA,2045,2063-10-30,M ,Single,US Citizen,No,White,2014-09-29,,N/A-StillEmployed,Active,Production       ,Elijiah Gray,16,Indeed,Exceeds,4.3,3,0,2019-01-28,0,4
258,"Smith, John",10291,No,2,1,1,6,2,Yes,72992,No,21,Sales Manager,MA,1886,1984-08-16,M ,Divorced,US Citizen,No,Black or African American,2014-05-18,,N/A-StillEmployed,Active,Sales,Debra Houlihan,15,Diversity Job Fair,Needs Improvement,2.4,4,0,2019-01-16,2,16
259,"Smith, Leigh Ann",10153,Yes,1,0,5,1,3,Yes,55000,Yes,2,Administrative Assistant,MA,1844,1987-06-14,F,Married,US Citizen,No,Black or African American,2011-09-26,2013-09-25,career change,Voluntarily Terminated,Admin Offices,Brandon R. LeBlanc,1,Diversity Job Fair,Fully Meets,3.8,4,4,2013-08-15,0,17
260,"Smith, Sade",10157,No,0,0,1,5,3,No,58939,No,19,Production Technician I,MA,2130,2065-02-02,F,Single,US Citizen,No,White,2013-11-11,,N/A-StillEmployed,Active,Production       ,Ketsia Liebig,19,Employee Referral,Fully Meets,3.73,3,0,2019-01-24,0,16
261,"Soto, Julia ",10119,Yes,1,0,1,3,3,No,66593,No,14,IT Support,MA,2360,1973-03-12,F,Married,US Citizen,No,Black or African American,2011-06-10,,N/A-StillEmployed,Active,IT/IS,Eric Dougall,6,LinkedIn,Fully Meets,4.3,3,5,2019-02-08,0,19
262,"Soze, Keyser",10180,Yes,1,1,2,3,3,No,87565,No,28,Sr. Network Engineer,MA,1545,1983-02-09,M ,Married,US Citizen,No,Asian,2016-06-30,,N/A-StillEmployed,Active,IT/IS,Peter Monroe,7,LinkedIn,Fully Meets,3.27,4,5,2019-01-14,0,13
263,"Sparks, Taylor  ",10302,Yes,1,0,1,5,1,No,64021,No,19,Production Technician I,MA,2093,2068-07-20,F,Married,US Citizen,No,White,2012-02-20,,N/A-StillEmployed,Active,Production       ,Brannon Miller,12,Indeed,PIP,2.4,2,1,2019-02-25,6,20
264,"Spirea, Kelley",10090,Yes,1,0,1,5,3,No,65714,No,18,Production Manager,MA,2451,1975-09-30,F,Married,US Citizen,No,White,2012-10-02,,N/A-StillEmployed,Active,Production       ,Janet King,2,LinkedIn,Fully Meets,4.83,5,0,2019-02-14,0,15
265,"Squatrito, Kristen",10030,No,2,0,5,5,4,No,62425,Yes,19,Production Technician I,MA,2359,1973-03-26,F,Divorced,US Citizen,No,White,2013-05-13,2015-06-29,unhappy,Voluntarily Terminated,Production       ,David Stanley,14,LinkedIn,Exceeds,4.1,4,0,2015-03-02,0,16
266,"Stanford,Barbara  M",10278,No,2,0,1,5,3,No,47961,No,19,Production Technician I,MA,2050,1982-08-25,F,Divorced,US Citizen,No,Two or more races,2011-01-10,,N/A-StillEmployed,Active,Production       ,Kissy Sullivan,20,Google Search,Fully Meets,4.1,4,0,2019-02-07,0,9
267,"Stansfield, Norman",10307,Yes,1,1,1,6,1,No,58273,No,3,Area Sales Manager,NV,89139,1974-05-09,M ,Married,US Citizen,No,White,2014-05-12,,N/A-StillEmployed,Active,Sales,Lynn Daneault,21,Website,PIP,1.81,2,0,2019-01-17,3,5
268,"Steans, Tyrone  ",10147,No,0,1,1,1,3,No,63003,No,1,Accountant I,MA,2703,1986-09-01,M ,Single,US Citizen,No,White,2014-09-29,,N/A-StillEmployed,Active,Admin Offices,Brandon R. LeBlanc,1,Indeed,Fully Meets,3.9,5,5,2019-01-18,0,9
269,"Stoica, Rick",10266,Yes,1,1,1,5,3,No,61355,No,19,Production Technician I,MA,2301,1985-03-14,M ,Married,US Citizen,No,Asian,2014-02-17,,N/A-StillEmployed,Active,Production       ,Kelley Spirea,18,LinkedIn,Fully Meets,4.7,3,0,2019-01-11,0,4
270,"Strong, Caitrin",10241,Yes,1,0,1,6,3,No,60120,No,3,Area Sales Manager,MT,59102,1989-05-12,F,Married,US Citizen,No,Black or African American,2010-09-27,,N/A-StillEmployed,Active,Sales,John Smith,17,Indeed,Fully Meets,4.1,4,0,2019-01-31,0,18
271,"Sullivan, Kissy ",10158,Yes,1,0,1,5,3,No,63682,No,18,Production Manager,MA,1776,1978-03-28,F,Married,US Citizen,No,Black or African American,2009-01-08,,N/A-StillEmployed,Active,Production       ,Janet King,2,Indeed,Fully Meets,3.73,4,0,2019-01-24,0,12
272,"Sullivan, Timothy",10117,Yes,1,1,1,5,3,No,63025,No,19,Production Technician I,MA,2747,1982-10-07,M ,Married,US Citizen,Yes,White,2015-01-05,,N/A-StillEmployed,Active,Production       ,Michael Albert,22,Google Search,Fully Meets,4.36,5,0,2019-01-24,0,10
273,"Sutwell, Barbara",10209,No,0,0,1,5,3,No,59238,No,19,Production Technician I,MA,2718,2068-08-15,F,Single,Eligible NonCitizen,No,Asian,2012-05-14,,N/A-StillEmployed,Active,Production       ,Elijiah Gray,16,Indeed,Fully Meets,3.4,5,0,2019-01-31,0,13
274,"Szabo, Andrew",10024,No,0,1,1,4,4,No,92989,No,24,Software Engineer,MA,2140,1983-05-06,M ,Single,US Citizen,No,White,2014-07-07,,N/A-StillEmployed,Active,Software Engineering,Alex Sweetwater,10,LinkedIn,Exceeds,4.5,5,5,2019-02-18,0,1
275,"Tannen, Biff",10173,Yes,1,1,1,3,3,No,90100,No,4,BI Developer,MA,2134,1987-10-24,M ,Married,US Citizen,No,White,2017-04-20,,N/A-StillEmployed,Active,IT/IS,Brian Champaigne,13,Indeed,Fully Meets,3.4,3,6,2019-01-02,0,14
276,"Tavares, Desiree  ",10221,Yes,1,0,5,5,3,Yes,60754,Yes,19,Production Technician I,MA,1801,1975-04-03,F,Married,Non-Citizen,No,Black or African American,2009-04-27,2013-04-01,Another position,Voluntarily Terminated,Production       ,Webster Butler,39,Diversity Job Fair,Fully Meets,4.5,5,0,2012-02-15,0,11
277,"Tejeda, Lenora ",10146,Yes,1,0,5,5,3,No,72202,Yes,20,Production Technician II,MA,2129,2053-05-24,F,Married,US Citizen,No,White,2011-05-16,2017-07-08,Another position,Voluntarily Terminated,Production       ,Elijiah Gray,16,Google Search,Fully Meets,3.93,3,0,2017-04-18,0,3
278,"Terry, Sharlene ",10161,No,0,0,1,6,3,No,58370,No,3,Area Sales Manager,OR,97756,2065-05-07,F,Single,US Citizen,No,Black or African American,2014-09-29,,N/A-StillEmployed,Active,Sales,Lynn Daneault,21,Indeed,Fully Meets,3.69,3,0,2019-01-28,0,18
279,"Theamstern, Sophia",10141,No,0,0,5,5,3,No,48413,Yes,19,Production Technician I,MA,2066,2065-05-09,F,Single,US Citizen,No,White,2011-07-05,2016-09-05,return to school,Voluntarily Terminated,Production       ,Amy Dunn,11,Indeed,Fully Meets,3.98,4,0,2016-03-02,0,1
280,"Thibaud, Kenneth",10268,No,4,1,5,5,3,No,67176,Yes,20,Production Technician II,MA,2472,1975-09-16,M ,Widowed,US Citizen,No,White,2007-06-25,2010-08-30,military,Voluntarily Terminated,Production       ,Webster Butler,39,Other,Fully Meets,4.1,4,0,2010-07-14,0,15
281,"Tippett, Jeanette",10123,No,2,0,1,5,3,No,56339,No,19,Production Technician I,MA,2093,2067-06-05,F,Divorced,US Citizen,No,Black or African American,2013-02-18,,N/A-StillEmployed,Active,Production       ,Brannon Miller,12,Indeed,Fully Meets,4.21,5,0,2019-01-14,0,4
282,"Torrence, Jack",10013,No,3,1,1,6,4,No,64397,No,3,Area Sales Manager,ND,58782,2068-01-15,M ,Separated,US Citizen,No,White,2006-01-09,,N/A-StillEmployed,Active,Sales,Lynn Daneault,21,Indeed,Exceeds,4.1,3,0,2019-01-04,0,6
283,"Trang, Mei",10287,No,0,0,1,5,2,No,63025,No,19,Production Technician I,MA,2021,1983-05-16,F,Single,US Citizen,No,White,2014-02-17,,N/A-StillEmployed,Active,Production       ,David Stanley,14,LinkedIn,Needs Improvement,2.44,5,0,2019-02-11,4,18
284,"Tredinnick, Neville ",10044,Yes,1,1,5,3,3,No,75281,Yes,15,Network Engineer,MA,1420,1988-05-05,M ,Married,US Citizen,No,White,2015-01-05,2016-02-12,medical issues,Voluntarily Terminated,IT/IS,Peter Monroe,7,CareerBuilder,Fully Meets,5.0,3,5,2015-04-15,0,11
285,"True, Edward",10102,No,0,1,5,4,3,Yes,100416,Yes,24,Software Engineer,MA,2451,1983-06-14,M ,Single,Non-Citizen,No,Black or African American,2013-02-18,2018-04-15,medical issues,Voluntarily Terminated,Software Engineering,Alex Sweetwater,10,Diversity Job Fair,Fully Meets,4.6,3,4,2017-02-12,0,9
286,"Trzeciak, Cybil",10270,No,0,0,5,5,3,No,74813,Yes,20,Production Technician II,MA,1778,1985-03-15,F,Single,US Citizen,No,White,2011-01-10,2014-07-02,unhappy,Voluntarily Terminated,Production       ,Amy Dunn,11,LinkedIn,Fully Meets,4.4,3,0,2014-01-05,0,5
287,"Turpin, Jumil",10045,Yes,1,1,1,3,3,No,76029,No,15,Network Engineer,MA,2343,1969-03-31,M ,Married,Eligible NonCitizen,No,White,2015-03-30,,N/A-StillEmployed,Active,IT/IS,Peter Monroe,7,Employee Referral,Fully Meets,5.0,4,7,2019-01-14,0,8
288,"Valentin,Jackie",10205,Yes,1,0,1,6,3,No,57859,No,3,Area Sales Manager,AZ,85006,1991-05-23,F,Married,US Citizen,No,Two or more races,2011-07-05,,N/A-StillEmployed,Active,Sales,John Smith,17,Indeed,Fully Meets,2.81,3,0,2019-01-17,0,16
289,"Veera, Abdellah ",10014,No,2,1,5,5,4,No,58523,Yes,19,Production Technician I,MA,2171,1987-01-31,M ,Divorced,US Citizen,No,White,2012-08-13,2016-02-05,maternity leave - did not return,Voluntarily Terminated,Production       ,Kissy Sullivan,20,LinkedIn,Exceeds,4.5,5,0,2016-02-01,0,15
290,"Vega, Vincent",10144,No,2,1,1,5,3,No,88976,No,17,Production Manager,MA,2169,2068-10-10,M ,Divorced,US Citizen,No,White,2011-08-01,,N/A-StillEmployed,Active,Production       ,Janet King,2,Employee Referral,Fully Meets,3.93,3,0,2019-02-27,0,19
291,"Villanueva, Noah",10253,No,0,1,1,6,3,No,55875,No,3,Area Sales Manager,ME,4063,1989-07-11,M ,Single,US Citizen,No,Asian,2012-03-05,,N/A-StillEmployed,Active,Sales,John Smith,17,Website,Fully Meets,4.5,4,0,2019-01-18,0,11
292,"Voldemort, Lord",10118,Yes,1,1,4,3,3,No,113999,Yes,8,Database Administrator,MA,1960,1986-08-07,M ,Married,US Citizen,No,Black or African American,2015-02-16,2017-02-22,"no-call, no-show",Terminated for Cause,IT/IS,Simon Roup,4,Employee Referral,Fully Meets,4.33,3,7,2017-02-15,0,9
293,"Volk, Colleen",10022,Yes,1,0,4,5,4,No,49773,Yes,19,Production Technician I,MA,2747,1986-06-03,F,Married,US Citizen,No,White,2011-09-26,2016-02-08,gross misconduct,Terminated for Cause,Production       ,Kelley Spirea,18,Google Search,Exceeds,4.3,5,0,2015-02-01,0,18
294,"Von Massenbach, Anna",10183,No,0,0,2,5,3,No,62068,No,19,Production Technician I,MA,2124,1985-04-06,F,Single,US Citizen,No,White,2015-07-05,,N/A-StillEmployed,Active,Production       ,Michael Albert,22,LinkedIn,Fully Meets,3.21,3,0,2019-01-29,0,7
295,"Walker, Roger",10190,No,0,1,1,5,3,No,66541,No,20,Production Technician II,MA,2459,1976-02-10,M ,Single,US Citizen,No,Black or African American,2014-08-18,,N/A-StillEmployed,Active,Production       ,Ketsia Liebig,19,Employee Referral,Fully Meets,3.11,5,0,2019-02-12,0,4
296,"Wallace, Courtney  E",10274,Yes,1,0,5,5,3,Yes,80512,Yes,18,Production Manager,MA,2478,2055-11-14,F,Married,US Citizen,No,Black or African American,2011-09-26,2012-01-02,Another position,Voluntarily Terminated,Production       ,Janet King,2,Diversity Job Fair,Fully Meets,4.5,3,0,2012-01-02,0,5
297,"Wallace, Theresa",10293,No,0,0,5,5,2,No,50274,Yes,19,Production Technician I,MA,1887,1980-08-02,F,Single,US Citizen,No,White,2012-08-13,2015-09-01,career change,Voluntarily Terminated,Production       ,Elijiah Gray,16,CareerBuilder,Needs Improvement,2.5,3,0,2014-09-05,6,13
298,"Wang, Charlie",10172,No,0,1,1,3,3,No,84903,No,22,Senior BI Developer,MA,1887,1981-07-08,M ,Single,US Citizen,No,Asian,2017-02-15,,N/A-StillEmployed,Active,IT/IS,Brian Champaigne,13,Indeed,Fully Meets,3.42,4,7,2019-01-04,0,17
299,"Warfield, Sarah",10127,No,4,0,1,3,3,No,107226,No,28,Sr. Network Engineer,MA,2453,1978-05-02,F,Widowed,US Citizen,No,Asian,2015-03-30,,N/A-StillEmployed,Active,IT/IS,Peter Monroe,7,Employee Referral,Fully Meets,4.2,4,8,2019-02-05,0,7
300,"Whittier, Scott",10072,No,0,1,5,5,3,No,58371,Yes,19,Production Technician I,MA,2030,1987-05-24,M ,Single,US Citizen,Yes,White,2011-01-10,2014-05-15,hours,Voluntarily Terminated,Production       ,Webster Butler,39,LinkedIn,Fully Meets,5.0,5,0,2014-05-15,0,11
301,"Wilber, Barry",10048,Yes,1,1,5,5,3,No,55140,Yes,19,Production Technician I,MA,2324,2065-09-09,M ,Married,Eligible NonCitizen,No,White,2011-05-16,2015-09-07,unhappy,Voluntarily Terminated,Production       ,Amy Dunn,11,Website,Fully Meets,5.0,3,0,2015-02-15,0,7
302,"Wilkes, Annie",10204,No,2,0,5,5,3,No,58062,Yes,19,Production Technician I,MA,1876,1983-07-30,F,Divorced,US Citizen,No,White,2011-01-10,2012-05-14,Another position,Voluntarily Terminated,Production       ,Ketsia Liebig,19,Google Search,Fully Meets,3.6,5,0,2011-02-06,0,9
303,"Williams, Jacquelyn  ",10264,No,0,0,5,5,3,Yes,59728,Yes,19,Production Technician I,MA,2109,1969-10-02,F,Single,US Citizen,Yes,Black or African American,2012-01-09,2015-06-27,relocation out of area,Voluntarily Terminated,Production       ,Ketsia Liebig,19,Diversity Job Fair,Fully Meets,4.3,4,0,2014-06-02,0,16
304,"Winthrop, Jordan  ",10033,No,0,1,5,5,4,No,70507,Yes,20,Production Technician II,MA,2045,2058-11-07,M ,Single,US Citizen,No,White,2013-01-07,2016-02-21,retiring,Voluntarily Terminated,Production       ,Brannon Miller,12,LinkedIn,Exceeds,5.0,3,0,2016-01-19,0,7
305,"Wolk, Hang  T",10174,No,0,0,1,5,3,No,60446,No,20,Production Technician II,MA,2302,1985-04-20,F,Single,US Citizen,No,White,2014-09-29,,N/A-StillEmployed,Active,Production       ,David Stanley,14,LinkedIn,Fully Meets,3.4,4,0,2019-02-21,0,14
306,"Woodson, Jason",10135,No,0,1,1,5,3,No,65893,No,20,Production Technician II,MA,1810,1985-05-11,M ,Single,US Citizen,No,White,2014-07-07,,N/A-StillEmployed,Active,Production       ,Kissy Sullivan,20,LinkedIn,Fully Meets,4.07,4,0,2019-02-28,0,13
307,"Ybarra, Catherine ",10301,No,0,0,5,5,1,No,48513,Yes,19,Production Technician I,MA,2458,1982-05-04,F,Single,US Citizen,No,Asian,2008-09-02,2015-09-29,Another position,Voluntarily Terminated,Production       ,Brannon Miller,12,Google Search,PIP,3.2,2,0,2015-09-02,5,4
308,"Zamora, Jennifer",10010,No,0,0,1,3,4,No,220450,No,6,CIO,MA,2067,1979-08-30,F,Single,US Citizen,No,White,2010-04-10,,N/A-StillEmployed,Active,IT/IS,Janet King,2,Employee Referral,Exceeds,4.6,5,6,2019-02-21,0,16
309,"Zhou, Julia",10043,No,0,0,1,3,3,No,89292,No,9,Data Analyst,MA,2148,1979-02-24,F,Single,US Citizen,No,White,2015-03-30,,N/A-StillEmployed,Active,IT/IS,Simon Roup,4,Employee Referral,Fully Meets,5.0,3,5,2019-02-01,0,11
310,"Zima, Colleen",10271,No,4,0,1,5,3,No,45046,No,19,Production Technician I,MA,1730,1978-08-17,F,Widowed,US Citizen,No,Asian,2014-09-29,,N/A-StillEmployed,Active,Production       ,David Stanley,14,LinkedIn,Fully Meets,4.5,5,0,2019-01-30,0,2
